{
  "23 Get Stock Portfolio Request" : {
    "transaction" : "23 Get Stock Portfolio Request",
    "sampleCount" : 17000,
    "errorCount" : 3731,
    "errorPct" : 21.94706,
    "meanResTime" : 11796.823529411804,
    "medianResTime" : 7001.0,
    "minResTime" : 2.0,
    "maxResTime" : 80524.0,
    "pct1ResTime" : 30742.5,
    "pct2ResTime" : 40317.799999999996,
    "pct3ResTime" : 68380.57000000007,
    "throughput" : 71.40786914718002,
    "receivedKBytesPerSec" : 27.074653744030094,
    "sentKBytesPerSec" : 28.363190858007552
  },
  "16 Get Stock Prices Request" : {
    "transaction" : "16 Get Stock Prices Request",
    "sampleCount" : 17000,
    "errorCount" : 394,
    "errorPct" : 2.317647,
    "meanResTime" : 19607.768470588195,
    "medianResTime" : 15640.5,
    "minResTime" : 40.0,
    "maxResTime" : 81624.0,
    "pct1ResTime" : 43413.89999999998,
    "pct2ResTime" : 58691.249999999985,
    "pct3ResTime" : 80001.0,
    "throughput" : 79.47824867341453,
    "receivedKBytesPerSec" : 40.34006901750859,
    "sentKBytesPerSec" : 30.99417482146614
  },
  "14 Register Request" : {
    "transaction" : "14 Register Request",
    "sampleCount" : 17000,
    "errorCount" : 74,
    "errorPct" : 0.43529412,
    "meanResTime" : 8683.315411764697,
    "medianResTime" : 6913.5,
    "minResTime" : 11.0,
    "maxResTime" : 67255.0,
    "pct1ResTime" : 18017.0,
    "pct2ResTime" : 24311.849999999977,
    "pct3ResTime" : 35481.94000000001,
    "throughput" : 117.7635999639782,
    "receivedKBytesPerSec" : 33.89758387625817,
    "sentKBytesPerSec" : 31.83287840648531
  },
  "19 Place Stock Order Request" : {
    "transaction" : "19 Place Stock Order Request",
    "sampleCount" : 17000,
    "errorCount" : 324,
    "errorPct" : 1.9058824,
    "meanResTime" : 11407.473176470592,
    "medianResTime" : 7655.5,
    "minResTime" : 5.0,
    "maxResTime" : 80216.0,
    "pct1ResTime" : 24914.1,
    "pct2ResTime" : 31169.949999999997,
    "pct3ResTime" : 48755.85000000018,
    "throughput" : 69.724710437379,
    "receivedKBytesPerSec" : 59.16718046985226,
    "sentKBytesPerSec" : 36.42983944603718
  },
  "Total" : {
    "transaction" : "Total",
    "sampleCount" : 170000,
    "errorCount" : 23876,
    "errorPct" : 14.044706,
    "meanResTime" : 15850.839123529571,
    "medianResTime" : 3718.5,
    "minResTime" : 1.0,
    "maxResTime" : 83070.0,
    "pct1ResTime" : 39910.10000000001,
    "pct2ResTime" : 61857.40000000002,
    "pct3ResTime" : 74836.92000000001,
    "throughput" : 662.8946660375666,
    "receivedKBytesPerSec" : 316.3841217778932,
    "sentKBytesPerSec" : 253.54091918387917
  },
  "20 Get Stock Transactions Request" : {
    "transaction" : "20 Get Stock Transactions Request",
    "sampleCount" : 17000,
    "errorCount" : 6329,
    "errorPct" : 37.229412,
    "meanResTime" : 19782.358823529332,
    "medianResTime" : 15255.0,
    "minResTime" : 3.0,
    "maxResTime" : 81238.0,
    "pct1ResTime" : 42102.7,
    "pct2ResTime" : 60770.04999999994,
    "pct3ResTime" : 80000.0,
    "throughput" : 69.82523155278993,
    "receivedKBytesPerSec" : 48.899273894604974,
    "sentKBytesPerSec" : 27.693389578584192
  },
  "17 Add Money Request" : {
    "transaction" : "17 Add Money Request",
    "sampleCount" : 17000,
    "errorCount" : 726,
    "errorPct" : 4.2705884,
    "meanResTime" : 20757.84552941168,
    "medianResTime" : 16340.0,
    "minResTime" : 80.0,
    "maxResTime" : 83070.0,
    "pct1ResTime" : 43682.7,
    "pct2ResTime" : 62756.95,
    "pct3ResTime" : 80001.0,
    "throughput" : 70.2543206407194,
    "receivedKBytesPerSec" : 23.805895286709948,
    "sentKBytesPerSec" : 29.880674360117446
  },
  "18 Get Wallet Balance Request" : {
    "transaction" : "18 Get Wallet Balance Request",
    "sampleCount" : 17000,
    "errorCount" : 1269,
    "errorPct" : 7.464706,
    "meanResTime" : 24415.3925294119,
    "medianResTime" : 18219.5,
    "minResTime" : 6.0,
    "maxResTime" : 81647.0,
    "pct1ResTime" : 54866.2,
    "pct2ResTime" : 72383.19999999998,
    "pct3ResTime" : 80001.0,
    "throughput" : 69.47765067454625,
    "receivedKBytesPerSec" : 27.26446214336509,
    "sentKBytesPerSec" : 26.587553940966476
  },
  "22 Get Wallet Balance Request" : {
    "transaction" : "22 Get Wallet Balance Request",
    "sampleCount" : 17000,
    "errorCount" : 4275,
    "errorPct" : 25.147058,
    "meanResTime" : 15451.546588235236,
    "medianResTime" : 10266.5,
    "minResTime" : 1.0,
    "maxResTime" : 81635.0,
    "pct1ResTime" : 37418.7,
    "pct2ResTime" : 49568.89999999995,
    "pct3ResTime" : 76325.97,
    "throughput" : 70.35026153744289,
    "receivedKBytesPerSec" : 23.344817733335265,
    "sentKBytesPerSec" : 27.677784421969147
  },
  "15 Login Request" : {
    "transaction" : "15 Login Request",
    "sampleCount" : 17000,
    "errorCount" : 74,
    "errorPct" : 0.43529412,
    "meanResTime" : 7721.715058823538,
    "medianResTime" : 7121.5,
    "minResTime" : 12.0,
    "maxResTime" : 80125.0,
    "pct1ResTime" : 13897.0,
    "pct2ResTime" : 16929.949999999997,
    "pct3ResTime" : 20770.99,
    "throughput" : 102.4997889710227,
    "receivedKBytesPerSec" : 52.95063848512848,
    "sentKBytesPerSec" : 25.82955820706766
  },
  "21 Get Wallet Transactions Request" : {
    "transaction" : "21 Get Wallet Transactions Request",
    "sampleCount" : 17000,
    "errorCount" : 6680,
    "errorPct" : 39.294117,
    "meanResTime" : 18884.152117647027,
    "medianResTime" : 13582.0,
    "minResTime" : 2.0,
    "maxResTime" : 80584.0,
    "pct1ResTime" : 43331.0,
    "pct2ResTime" : 61979.39999999999,
    "pct3ResTime" : 80001.0,
    "throughput" : 69.98390370214851,
    "receivedKBytesPerSec" : 32.865149540421875,
    "sentKBytesPerSec" : 27.626656553735288
  }
}