{
  "23 Get Stock Portfolio Request" : {
    "transaction" : "23 Get Stock Portfolio Request",
    "sampleCount" : 5000,
    "errorCount" : 4906,
    "errorPct" : 98.12,
    "meanResTime" : 6980.4647999999925,
    "medianResTime" : 8010.0,
    "minResTime" : 351.0,
    "maxResTime" : 12070.0,
    "pct1ResTime" : 8207.0,
    "pct2ResTime" : 9233.0,
    "pct3ResTime" : 11106.0,
    "throughput" : 48.72392052154084,
    "receivedKBytesPerSec" : 112.09887651775013,
    "sentKBytesPerSec" : 0.8667528674027227
  },
  "16 Get Stock Prices Request" : {
    "transaction" : "16 Get Stock Prices Request",
    "sampleCount" : 5000,
    "errorCount" : 3604,
    "errorPct" : 72.08,
    "meanResTime" : 5669.946399999998,
    "medianResTime" : 5417.5,
    "minResTime" : 132.0,
    "maxResTime" : 12090.0,
    "pct1ResTime" : 9108.900000000001,
    "pct2ResTime" : 11017.95,
    "pct3ResTime" : 11803.99,
    "throughput" : 74.89514679448772,
    "receivedKBytesPerSec" : 103.2619762020671,
    "sentKBytesPerSec" : 16.791769842532954
  },
  "14 Register Request" : {
    "transaction" : "14 Register Request",
    "sampleCount" : 5000,
    "errorCount" : 1066,
    "errorPct" : 21.32,
    "meanResTime" : 3794.3605999999977,
    "medianResTime" : 2131.0,
    "minResTime" : 18.0,
    "maxResTime" : 12082.0,
    "pct1ResTime" : 10899.900000000001,
    "pct2ResTime" : 11381.849999999999,
    "pct3ResTime" : 11850.99,
    "throughput" : 92.85395929282426,
    "receivedKBytesPerSec" : 70.60520759823949,
    "sentKBytesPerSec" : 20.052247762219583
  },
  "19 Place Stock Order Request" : {
    "transaction" : "19 Place Stock Order Request",
    "sampleCount" : 5000,
    "errorCount" : 3269,
    "errorPct" : 65.38,
    "meanResTime" : 6172.413400000006,
    "medianResTime" : 8008.0,
    "minResTime" : 111.0,
    "maxResTime" : 12086.0,
    "pct1ResTime" : 8391.800000000001,
    "pct2ResTime" : 10348.95,
    "pct3ResTime" : 11745.09999999998,
    "throughput" : 56.241704348608586,
    "receivedKBytesPerSec" : 109.31244208862005,
    "sentKBytesPerSec" : 10.400947549689546
  },
  "Total" : {
    "transaction" : "Total",
    "sampleCount" : 50000,
    "errorCount" : 34770,
    "errorPct" : 69.54,
    "meanResTime" : 6079.539120000044,
    "medianResTime" : 8012.0,
    "minResTime" : 18.0,
    "maxResTime" : 12090.0,
    "pct1ResTime" : 8056.0,
    "pct2ResTime" : 8111.0,
    "pct3ResTime" : 8225.0,
    "throughput" : 406.01552603371556,
    "receivedKBytesPerSec" : 696.1886212372511,
    "sentKBytesPerSec" : 54.9348602012416
  },
  "20 Get Stock Transactions Request" : {
    "transaction" : "20 Get Stock Transactions Request",
    "sampleCount" : 5000,
    "errorCount" : 4919,
    "errorPct" : 98.38,
    "meanResTime" : 7471.695200000001,
    "medianResTime" : 8014.0,
    "minResTime" : 228.0,
    "maxResTime" : 12080.0,
    "pct1ResTime" : 9727.300000000003,
    "pct2ResTime" : 10988.95,
    "pct3ResTime" : 11782.99,
    "throughput" : 51.76251358765982,
    "receivedKBytesPerSec" : 107.98545958641752,
    "sentKBytesPerSec" : 4.350720145970288
  },
  "17 Add Money Request" : {
    "transaction" : "17 Add Money Request",
    "sampleCount" : 5000,
    "errorCount" : 2735,
    "errorPct" : 54.7,
    "meanResTime" : 6265.747800000005,
    "medianResTime" : 8007.0,
    "minResTime" : 106.0,
    "maxResTime" : 12088.0,
    "pct1ResTime" : 10394.0,
    "pct2ResTime" : 10854.75,
    "pct3ResTime" : 11787.99,
    "throughput" : 67.25220923507337,
    "receivedKBytesPerSec" : 101.89977245635332,
    "sentKBytesPerSec" : 13.388049660712605
  },
  "18 Get Wallet Balance Request" : {
    "transaction" : "18 Get Wallet Balance Request",
    "sampleCount" : 5000,
    "errorCount" : 3154,
    "errorPct" : 63.08,
    "meanResTime" : 6620.701800000006,
    "medianResTime" : 8012.0,
    "minResTime" : 182.0,
    "maxResTime" : 11999.0,
    "pct1ResTime" : 9339.600000000002,
    "pct2ResTime" : 11042.75,
    "pct3ResTime" : 11761.949999999999,
    "throughput" : 61.31508596375052,
    "receivedKBytesPerSec" : 104.73838194086773,
    "sentKBytesPerSec" : 9.13017556808427
  },
  "22 Get Wallet Balance Request" : {
    "transaction" : "22 Get Wallet Balance Request",
    "sampleCount" : 5000,
    "errorCount" : 4845,
    "errorPct" : 96.9,
    "meanResTime" : 7034.729200000002,
    "medianResTime" : 8009.0,
    "minResTime" : 210.0,
    "maxResTime" : 12021.0,
    "pct1ResTime" : 8549.700000000012,
    "pct2ResTime" : 10642.0,
    "pct3ResTime" : 11439.99,
    "throughput" : 47.29339878739725,
    "receivedKBytesPerSec" : 105.93349077601374,
    "sentKBytesPerSec" : 1.5869891130595992
  },
  "15 Login Request" : {
    "transaction" : "15 Login Request",
    "sampleCount" : 5000,
    "errorCount" : 1349,
    "errorPct" : 26.98,
    "meanResTime" : 3851.581799999999,
    "medianResTime" : 2557.0,
    "minResTime" : 124.0,
    "maxResTime" : 12090.0,
    "pct1ResTime" : 8354.800000000001,
    "pct2ResTime" : 10858.75,
    "pct3ResTime" : 11861.0,
    "throughput" : 84.86947075398038,
    "receivedKBytesPerSec" : 89.99704548154938,
    "sentKBytesPerSec" : 15.808281589477883
  },
  "21 Get Wallet Transactions Request" : {
    "transaction" : "21 Get Wallet Transactions Request",
    "sampleCount" : 5000,
    "errorCount" : 4923,
    "errorPct" : 98.46,
    "meanResTime" : 6933.750199999998,
    "medianResTime" : 8011.0,
    "minResTime" : 256.0,
    "maxResTime" : 12086.0,
    "pct1ResTime" : 8803.0,
    "pct2ResTime" : 10335.9,
    "pct3ResTime" : 11613.97,
    "throughput" : 49.887752556747316,
    "receivedKBytesPerSec" : 107.43289512659018,
    "sentKBytesPerSec" : 2.9080272511848344
  }
}