{
  "23 Get Stock Portfolio Request" : {
    "transaction" : "23 Get Stock Portfolio Request",
    "sampleCount" : 1000,
    "errorCount" : 500,
    "errorPct" : 50.0,
    "meanResTime" : 5.5199999999999925,
    "medianResTime" : 5.0,
    "minResTime" : 2.0,
    "maxResTime" : 37.0,
    "pct1ResTime" : 8.0,
    "pct2ResTime" : 9.0,
    "pct3ResTime" : 12.990000000000009,
    "throughput" : 22.38989767816761,
    "receivedKBytesPerSec" : 7.7293250285471204,
    "sentKBytesPerSec" : 8.962977779425923
  },
  "16 Get Stock Prices Request" : {
    "transaction" : "16 Get Stock Prices Request",
    "sampleCount" : 1000,
    "errorCount" : 500,
    "errorPct" : 50.0,
    "meanResTime" : 5.254999999999996,
    "medianResTime" : 5.0,
    "minResTime" : 2.0,
    "maxResTime" : 33.0,
    "pct1ResTime" : 8.0,
    "pct2ResTime" : 9.949999999999932,
    "pct3ResTime" : 14.990000000000009,
    "throughput" : 22.378874342620566,
    "receivedKBytesPerSec" : 10.468242978628174,
    "sentKBytesPerSec" : 8.893001881224125
  },
  "14 Register Request" : {
    "transaction" : "14 Register Request",
    "sampleCount" : 1000,
    "errorCount" : 0,
    "errorPct" : 0.0,
    "meanResTime" : 6.460000000000003,
    "medianResTime" : 6.0,
    "minResTime" : 3.0,
    "maxResTime" : 68.0,
    "pct1ResTime" : 9.0,
    "pct2ResTime" : 10.0,
    "pct3ResTime" : 24.980000000000018,
    "throughput" : 22.31644722160232,
    "receivedKBytesPerSec" : 6.254707375585807,
    "sentKBytesPerSec" : 6.139877922059807
  },
  "19 Place Stock Order Request" : {
    "transaction" : "19 Place Stock Order Request",
    "sampleCount" : 1000,
    "errorCount" : 0,
    "errorPct" : 0.0,
    "meanResTime" : 6.729000000000007,
    "medianResTime" : 6.0,
    "minResTime" : 3.0,
    "maxResTime" : 37.0,
    "pct1ResTime" : 10.0,
    "pct2ResTime" : 11.0,
    "pct3ResTime" : 16.99000000000001,
    "throughput" : 22.38989767816761,
    "receivedKBytesPerSec" : 18.354053026274546,
    "sentKBytesPerSec" : 11.608659048037527
  },
  "Total" : {
    "transaction" : "Total",
    "sampleCount" : 10000,
    "errorCount" : 2500,
    "errorPct" : 25.0,
    "meanResTime" : 5.440800000000003,
    "medianResTime" : 5.0,
    "minResTime" : 2.0,
    "maxResTime" : 68.0,
    "pct1ResTime" : 8.0,
    "pct2ResTime" : 9.0,
    "pct3ResTime" : 14.0,
    "throughput" : 185.6114039646596,
    "receivedKBytesPerSec" : 79.92756949987007,
    "sentKBytesPerSec" : 72.04077055994321
  },
  "20 Get Stock Transactions Request" : {
    "transaction" : "20 Get Stock Transactions Request",
    "sampleCount" : 1000,
    "errorCount" : 500,
    "errorPct" : 50.0,
    "meanResTime" : 5.880999999999994,
    "medianResTime" : 5.0,
    "minResTime" : 3.0,
    "maxResTime" : 24.0,
    "pct1ResTime" : 8.0,
    "pct2ResTime" : 9.0,
    "pct3ResTime" : 12.990000000000009,
    "throughput" : 22.390900338102597,
    "receivedKBytesPerSec" : 13.347425606233626,
    "sentKBytesPerSec" : 9.028977498544592
  },
  "17 Add Money Request" : {
    "transaction" : "17 Add Money Request",
    "sampleCount" : 1000,
    "errorCount" : 0,
    "errorPct" : 0.0,
    "meanResTime" : 5.154999999999997,
    "medianResTime" : 4.0,
    "minResTime" : 2.0,
    "maxResTime" : 38.0,
    "pct1ResTime" : 8.0,
    "pct2ResTime" : 9.0,
    "pct3ResTime" : 16.0,
    "throughput" : 22.384885725158373,
    "receivedKBytesPerSec" : 6.426910549996642,
    "sentKBytesPerSec" : 9.747940065867526
  },
  "18 Get Wallet Balance Request" : {
    "transaction" : "18 Get Wallet Balance Request",
    "sampleCount" : 1000,
    "errorCount" : 0,
    "errorPct" : 0.0,
    "meanResTime" : 4.582000000000001,
    "medianResTime" : 4.0,
    "minResTime" : 2.0,
    "maxResTime" : 18.0,
    "pct1ResTime" : 7.0,
    "pct2ResTime" : 8.0,
    "pct3ResTime" : 11.0,
    "throughput" : 22.390398996910125,
    "receivedKBytesPerSec" : 6.756477822309794,
    "sentKBytesPerSec" : 8.941312840054184
  },
  "22 Get Wallet Balance Request" : {
    "transaction" : "22 Get Wallet Balance Request",
    "sampleCount" : 1000,
    "errorCount" : 500,
    "errorPct" : 50.0,
    "meanResTime" : 4.621999999999999,
    "medianResTime" : 4.0,
    "minResTime" : 2.0,
    "maxResTime" : 14.0,
    "pct1ResTime" : 7.0,
    "pct2ResTime" : 8.0,
    "pct3ResTime" : 11.0,
    "throughput" : 22.391903087843435,
    "receivedKBytesPerSec" : 6.745998147070019,
    "sentKBytesPerSec" : 8.941913479085963
  },
  "15 Login Request" : {
    "transaction" : "15 Login Request",
    "sampleCount" : 1000,
    "errorCount" : 0,
    "errorPct" : 0.0,
    "meanResTime" : 5.562000000000005,
    "medianResTime" : 5.0,
    "minResTime" : 3.0,
    "maxResTime" : 24.0,
    "pct1ResTime" : 8.0,
    "pct2ResTime" : 9.0,
    "pct3ResTime" : 14.0,
    "throughput" : 22.369863320135114,
    "receivedKBytesPerSec" : 11.527666802283962,
    "sentKBytesPerSec" : 5.555765273024181
  },
  "21 Get Wallet Transactions Request" : {
    "transaction" : "21 Get Wallet Transactions Request",
    "sampleCount" : 1000,
    "errorCount" : 500,
    "errorPct" : 50.0,
    "meanResTime" : 4.642,
    "medianResTime" : 4.0,
    "minResTime" : 2.0,
    "maxResTime" : 26.0,
    "pct1ResTime" : 7.0,
    "pct2ResTime" : 8.0,
    "pct3ResTime" : 11.990000000000009,
    "throughput" : 22.39390885679095,
    "receivedKBytesPerSec" : 8.769489698801925,
    "sentKBytesPerSec" : 9.052059714757586
  }
}