{
  "23 Get Stock Portfolio Request" : {
    "transaction" : "23 Get Stock Portfolio Request",
    "sampleCount" : 5000,
    "errorCount" : 0,
    "errorPct" : 0.0,
    "meanResTime" : 1482.2656,
    "medianResTime" : 558.0,
    "minResTime" : 2.0,
    "maxResTime" : 30248.0,
    "pct1ResTime" : 3631.0,
    "pct2ResTime" : 5102.299999999994,
    "pct3ResTime" : 10968.779999999995,
    "throughput" : 78.05548183648938,
    "receivedKBytesPerSec" : 27.593832446102688,
    "sentKBytesPerSec" : 31.328909213669075
  },
  "16 Get Stock Prices Request" : {
    "transaction" : "16 Get Stock Prices Request",
    "sampleCount" : 5000,
    "errorCount" : 0,
    "errorPct" : 0.0,
    "meanResTime" : 2114.5057999999967,
    "medianResTime" : 1463.5,
    "minResTime" : 5.0,
    "maxResTime" : 30889.0,
    "pct1ResTime" : 4304.900000000001,
    "pct2ResTime" : 7108.699999999944,
    "pct3ResTime" : 11551.61999999997,
    "throughput" : 77.09862456053784,
    "receivedKBytesPerSec" : 34.257689624067105,
    "sentKBytesPerSec" : 30.718983223339293
  },
  "14 Register Request" : {
    "transaction" : "14 Register Request",
    "sampleCount" : 5000,
    "errorCount" : 0,
    "errorPct" : 0.0,
    "meanResTime" : 287.7256000000002,
    "medianResTime" : 149.0,
    "minResTime" : 4.0,
    "maxResTime" : 3052.0,
    "pct1ResTime" : 750.0,
    "pct2ResTime" : 1054.8999999999996,
    "pct3ResTime" : 1574.9899999999998,
    "throughput" : 110.20255229111106,
    "receivedKBytesPerSec" : 28.30397583258028,
    "sentKBytesPerSec" : 29.93243378204139
  },
  "19 Place Stock Order Request" : {
    "transaction" : "19 Place Stock Order Request",
    "sampleCount" : 5000,
    "errorCount" : 0,
    "errorPct" : 0.0,
    "meanResTime" : 290.26939999999956,
    "medianResTime" : 154.5,
    "minResTime" : 3.0,
    "maxResTime" : 2622.0,
    "pct1ResTime" : 782.9000000000005,
    "pct2ResTime" : 1062.0,
    "pct3ResTime" : 1427.9199999999983,
    "throughput" : 77.12240868706812,
    "receivedKBytesPerSec" : 62.36069764930899,
    "sentKBytesPerSec" : 40.97127961500494
  },
  "Total" : {
    "transaction" : "Total",
    "sampleCount" : 50000,
    "errorCount" : 319,
    "errorPct" : 0.638,
    "meanResTime" : 1358.0551799999948,
    "medianResTime" : 454.0,
    "minResTime" : 2.0,
    "maxResTime" : 32484.0,
    "pct1ResTime" : 3411.0,
    "pct2ResTime" : 8992.850000000002,
    "pct3ResTime" : 13430.590000000066,
    "throughput" : 674.5908606430199,
    "receivedKBytesPerSec" : 299.196580730818,
    "sentKBytesPerSec" : 263.2099383676925
  },
  "20 Get Stock Transactions Request" : {
    "transaction" : "20 Get Stock Transactions Request",
    "sampleCount" : 5000,
    "errorCount" : 158,
    "errorPct" : 3.16,
    "meanResTime" : 1785.2675999999942,
    "medianResTime" : 1118.5,
    "minResTime" : 3.0,
    "maxResTime" : 30288.0,
    "pct1ResTime" : 3848.0,
    "pct2ResTime" : 6035.0,
    "pct3ResTime" : 11239.879999999997,
    "throughput" : 77.15930309717442,
    "receivedKBytesPerSec" : 63.57227319022854,
    "sentKBytesPerSec" : 31.19526511936544
  },
  "17 Add Money Request" : {
    "transaction" : "17 Add Money Request",
    "sampleCount" : 5000,
    "errorCount" : 0,
    "errorPct" : 0.0,
    "meanResTime" : 2062.231399999999,
    "medianResTime" : 1418.0,
    "minResTime" : 4.0,
    "maxResTime" : 32484.0,
    "pct1ResTime" : 4185.400000000003,
    "pct2ResTime" : 6478.399999999994,
    "pct3ResTime" : 10837.829999999996,
    "throughput" : 77.11527190844875,
    "receivedKBytesPerSec" : 20.33312833523551,
    "sentKBytesPerSec" : 33.662623577223236
  },
  "18 Get Wallet Balance Request" : {
    "transaction" : "18 Get Wallet Balance Request",
    "sampleCount" : 5000,
    "errorCount" : 0,
    "errorPct" : 0.0,
    "meanResTime" : 1955.0983999999946,
    "medianResTime" : 1304.5,
    "minResTime" : 2.0,
    "maxResTime" : 30906.0,
    "pct1ResTime" : 4054.9000000000005,
    "pct2ResTime" : 6248.249999999997,
    "pct3ResTime" : 10778.55999999999,
    "throughput" : 77.12240868706812,
    "receivedKBytesPerSec" : 21.464732886537515,
    "sentKBytesPerSec" : 30.879089415720635
  },
  "22 Get Wallet Balance Request" : {
    "transaction" : "22 Get Wallet Balance Request",
    "sampleCount" : 5000,
    "errorCount" : 3,
    "errorPct" : 0.06,
    "meanResTime" : 1628.787000000002,
    "medianResTime" : 808.0,
    "minResTime" : 2.0,
    "maxResTime" : 21685.0,
    "pct1ResTime" : 3714.800000000001,
    "pct2ResTime" : 6033.449999999998,
    "pct3ResTime" : 11646.98,
    "throughput" : 77.52298556522008,
    "receivedKBytesPerSec" : 21.500560951478363,
    "sentKBytesPerSec" : 31.03947664232445
  },
  "15 Login Request" : {
    "transaction" : "15 Login Request",
    "sampleCount" : 5000,
    "errorCount" : 0,
    "errorPct" : 0.0,
    "meanResTime" : 272.9520000000004,
    "medianResTime" : 155.0,
    "minResTime" : 3.0,
    "maxResTime" : 2507.0,
    "pct1ResTime" : 694.9000000000005,
    "pct2ResTime" : 961.8999999999996,
    "pct3ResTime" : 1359.9299999999985,
    "throughput" : 110.48258794414001,
    "receivedKBytesPerSec" : 54.48604190604561,
    "sentKBytesPerSec" : 27.866902316819868
  },
  "21 Get Wallet Transactions Request" : {
    "transaction" : "21 Get Wallet Transactions Request",
    "sampleCount" : 5000,
    "errorCount" : 158,
    "errorPct" : 3.16,
    "meanResTime" : 1701.4490000000005,
    "medianResTime" : 1014.0,
    "minResTime" : 2.0,
    "maxResTime" : 29991.0,
    "pct1ResTime" : 3723.0,
    "pct2ResTime" : 5422.249999999994,
    "pct3ResTime" : 11299.939999999911,
    "throughput" : 77.17478545409644,
    "receivedKBytesPerSec" : 33.6126337053158,
    "sentKBytesPerSec" : 31.276890589306664
  }
}