{
  "23 Get Stock Portfolio Request" : {
    "transaction" : "23 Get Stock Portfolio Request",
    "sampleCount" : 1000,
    "errorCount" : 905,
    "errorPct" : 90.5,
    "meanResTime" : 650.199000000001,
    "medianResTime" : 321.5,
    "minResTime" : 3.0,
    "maxResTime" : 3247.0,
    "pct1ResTime" : 1957.6,
    "pct2ResTime" : 2328.0999999999985,
    "pct3ResTime" : 2878.9500000000007,
    "throughput" : 52.01560468140442,
    "receivedKBytesPerSec" : 15.400225536410922,
    "sentKBytesPerSec" : 20.822547545513654
  },
  "16 Get Stock Prices Request" : {
    "transaction" : "16 Get Stock Prices Request",
    "sampleCount" : 1000,
    "errorCount" : 500,
    "errorPct" : 50.0,
    "meanResTime" : 1007.1110000000011,
    "medianResTime" : 764.5,
    "minResTime" : 4.0,
    "maxResTime" : 3452.0,
    "pct1ResTime" : 2366.9,
    "pct2ResTime" : 2586.85,
    "pct3ResTime" : 3050.95,
    "throughput" : 55.657594478766626,
    "receivedKBytesPerSec" : 24.730669421717597,
    "sentKBytesPerSec" : 22.117425784076364
  },
  "14 Register Request" : {
    "transaction" : "14 Register Request",
    "sampleCount" : 1000,
    "errorCount" : 0,
    "errorPct" : 0.0,
    "meanResTime" : 138.77200000000005,
    "medianResTime" : 75.5,
    "minResTime" : 4.0,
    "maxResTime" : 999.0,
    "pct1ResTime" : 358.5999999999999,
    "pct2ResTime" : 550.4999999999993,
    "pct3ResTime" : 799.8800000000001,
    "throughput" : 64.88871585231328,
    "receivedKBytesPerSec" : 16.665754169099994,
    "sentKBytesPerSec" : 17.852698052527415
  },
  "19 Place Stock Order Request" : {
    "transaction" : "19 Place Stock Order Request",
    "sampleCount" : 1000,
    "errorCount" : 0,
    "errorPct" : 0.0,
    "meanResTime" : 194.9599999999996,
    "medianResTime" : 125.5,
    "minResTime" : 11.0,
    "maxResTime" : 1343.0,
    "pct1ResTime" : 458.5999999999999,
    "pct2ResTime" : 575.8999999999999,
    "pct3ResTime" : 849.9100000000001,
    "throughput" : 51.37162231583273,
    "receivedKBytesPerSec" : 40.9077144925768,
    "sentKBytesPerSec" : 26.635032315961162
  },
  "Total" : {
    "transaction" : "Total",
    "sampleCount" : 10000,
    "errorCount" : 4197,
    "errorPct" : 41.97,
    "meanResTime" : 654.3910999999994,
    "medianResTime" : 279.0,
    "minResTime" : 3.0,
    "maxResTime" : 3452.0,
    "pct1ResTime" : 2035.0,
    "pct2ResTime" : 2337.0,
    "pct3ResTime" : 2845.99,
    "throughput" : 410.49218012396864,
    "receivedKBytesPerSec" : 154.09724110771313,
    "sentKBytesPerSec" : 159.32303906602766
  },
  "20 Get Stock Transactions Request" : {
    "transaction" : "20 Get Stock Transactions Request",
    "sampleCount" : 1000,
    "errorCount" : 943,
    "errorPct" : 94.3,
    "meanResTime" : 902.3860000000005,
    "medianResTime" : 628.5,
    "minResTime" : 7.0,
    "maxResTime" : 3419.0,
    "pct1ResTime" : 2229.7,
    "pct2ResTime" : 2480.449999999998,
    "pct3ResTime" : 2964.6600000000003,
    "throughput" : 51.39010226630351,
    "receivedKBytesPerSec" : 17.270236057222878,
    "sentKBytesPerSec" : 20.72270743935968
  },
  "17 Add Money Request" : {
    "transaction" : "17 Add Money Request",
    "sampleCount" : 1000,
    "errorCount" : 0,
    "errorPct" : 0.0,
    "meanResTime" : 1007.6890000000006,
    "medianResTime" : 827.0,
    "minResTime" : 4.0,
    "maxResTime" : 3340.0,
    "pct1ResTime" : 2270.8,
    "pct2ResTime" : 2536.8999999999996,
    "pct3ResTime" : 2995.99,
    "throughput" : 52.113189848350615,
    "receivedKBytesPerSec" : 13.740782479545572,
    "sentKBytesPerSec" : 22.693716533560895
  },
  "18 Get Wallet Balance Request" : {
    "transaction" : "18 Get Wallet Balance Request",
    "sampleCount" : 1000,
    "errorCount" : 0,
    "errorPct" : 0.0,
    "meanResTime" : 953.6609999999995,
    "medianResTime" : 666.5,
    "minResTime" : 5.0,
    "maxResTime" : 3334.0,
    "pct1ResTime" : 2256.7,
    "pct2ResTime" : 2530.0,
    "pct3ResTime" : 2991.94,
    "throughput" : 51.46415521589213,
    "receivedKBytesPerSec" : 14.323519762235602,
    "sentKBytesPerSec" : 20.551536928747876
  },
  "22 Get Wallet Balance Request" : {
    "transaction" : "22 Get Wallet Balance Request",
    "sampleCount" : 1000,
    "errorCount" : 906,
    "errorPct" : 90.6,
    "meanResTime" : 724.864,
    "medianResTime" : 383.5,
    "minResTime" : 4.0,
    "maxResTime" : 3369.0,
    "pct1ResTime" : 2073.6,
    "pct2ResTime" : 2310.7499999999995,
    "pct3ResTime" : 2809.6600000000003,
    "throughput" : 51.73038125290983,
    "receivedKBytesPerSec" : 14.392867188712431,
    "sentKBytesPerSec" : 20.657850812813617
  },
  "15 Login Request" : {
    "transaction" : "15 Login Request",
    "sampleCount" : 1000,
    "errorCount" : 0,
    "errorPct" : 0.0,
    "meanResTime" : 149.77799999999982,
    "medianResTime" : 76.0,
    "minResTime" : 3.0,
    "maxResTime" : 890.0,
    "pct1ResTime" : 400.79999999999995,
    "pct2ResTime" : 586.7499999999997,
    "pct3ResTime" : 769.9100000000001,
    "throughput" : 65.08721687060662,
    "receivedKBytesPerSec" : 32.01534685384665,
    "sentKBytesPerSec" : 16.165020502473315
  },
  "21 Get Wallet Transactions Request" : {
    "transaction" : "21 Get Wallet Transactions Request",
    "sampleCount" : 1000,
    "errorCount" : 943,
    "errorPct" : 94.3,
    "meanResTime" : 814.4910000000006,
    "medianResTime" : 496.0,
    "minResTime" : 4.0,
    "maxResTime" : 3131.0,
    "pct1ResTime" : 2107.3999999999996,
    "pct2ResTime" : 2382.0,
    "pct3ResTime" : 2898.82,
    "throughput" : 51.546391752577314,
    "receivedKBytesPerSec" : 16.095159471649485,
    "sentKBytesPerSec" : 20.836068379510312
  }
}