{
  "23 Get Stock Portfolio Request" : {
    "transaction" : "23 Get Stock Portfolio Request",
    "sampleCount" : 1000,
    "errorCount" : 1000,
    "errorPct" : 100.0,
    "meanResTime" : 5.25899999999999,
    "medianResTime" : 5.0,
    "minResTime" : 2.0,
    "maxResTime" : 18.0,
    "pct1ResTime" : 8.0,
    "pct2ResTime" : 8.0,
    "pct3ResTime" : 11.0,
    "throughput" : 22.394410355175346,
    "receivedKBytesPerSec" : 6.4952537846553495,
    "sentKBytesPerSec" : 8.964784264847493
  },
  "16 Get Stock Prices Request" : {
    "transaction" : "16 Get Stock Prices Request",
    "sampleCount" : 1000,
    "errorCount" : 1000,
    "errorPct" : 100.0,
    "meanResTime" : 4.685000000000002,
    "medianResTime" : 4.0,
    "minResTime" : 2.0,
    "maxResTime" : 15.0,
    "pct1ResTime" : 7.0,
    "pct2ResTime" : 8.0,
    "pct3ResTime" : 13.0,
    "throughput" : 22.379375167845314,
    "receivedKBytesPerSec" : 5.857102094709516,
    "sentKBytesPerSec" : 8.893200901049592
  },
  "14 Register Request" : {
    "transaction" : "14 Register Request",
    "sampleCount" : 1000,
    "errorCount" : 0,
    "errorPct" : 0.0,
    "meanResTime" : 6.9060000000000015,
    "medianResTime" : 6.0,
    "minResTime" : 3.0,
    "maxResTime" : 62.0,
    "pct1ResTime" : 10.0,
    "pct2ResTime" : 11.0,
    "pct3ResTime" : 17.99000000000001,
    "throughput" : 22.31943576466387,
    "receivedKBytesPerSec" : 5.732433209088474,
    "sentKBytesPerSec" : 6.140700153725113
  },
  "19 Place Stock Order Request" : {
    "transaction" : "19 Place Stock Order Request",
    "sampleCount" : 1000,
    "errorCount" : 500,
    "errorPct" : 50.0,
    "meanResTime" : 5.9750000000000005,
    "medianResTime" : 6.0,
    "minResTime" : 2.0,
    "maxResTime" : 33.0,
    "pct1ResTime" : 9.0,
    "pct2ResTime" : 10.0,
    "pct3ResTime" : 15.990000000000009,
    "throughput" : 22.388393856624724,
    "receivedKBytesPerSec" : 12.560785363867373,
    "sentKBytesPerSec" : 11.203401531645996
  },
  "Total" : {
    "transaction" : "Total",
    "sampleCount" : 10000,
    "errorCount" : 5500,
    "errorPct" : 55.0,
    "meanResTime" : 5.483000000000026,
    "medianResTime" : 5.0,
    "minResTime" : 2.0,
    "maxResTime" : 62.0,
    "pct1ResTime" : 8.0,
    "pct2ResTime" : 9.0,
    "pct3ResTime" : 13.0,
    "throughput" : 185.63552321372217,
    "receivedKBytesPerSec" : 61.023943791884015,
    "sentKBytesPerSec" : 71.71475521055709
  },
  "20 Get Stock Transactions Request" : {
    "transaction" : "20 Get Stock Transactions Request",
    "sampleCount" : 1000,
    "errorCount" : 1000,
    "errorPct" : 100.0,
    "meanResTime" : 6.183,
    "medianResTime" : 6.0,
    "minResTime" : 3.0,
    "maxResTime" : 18.0,
    "pct1ResTime" : 9.0,
    "pct2ResTime" : 10.0,
    "pct3ResTime" : 13.0,
    "throughput" : 22.392905927402197,
    "receivedKBytesPerSec" : 6.844706596950087,
    "sentKBytesPerSec" : 9.029786238719574
  },
  "17 Add Money Request" : {
    "transaction" : "17 Add Money Request",
    "sampleCount" : 1000,
    "errorCount" : 0,
    "errorPct" : 0.0,
    "meanResTime" : 5.335999999999994,
    "medianResTime" : 5.0,
    "minResTime" : 2.0,
    "maxResTime" : 21.0,
    "pct1ResTime" : 8.0,
    "pct2ResTime" : 10.0,
    "pct3ResTime" : 13.990000000000009,
    "throughput" : 22.384885725158373,
    "receivedKBytesPerSec" : 5.902264790813243,
    "sentKBytesPerSec" : 9.747940065867526
  },
  "18 Get Wallet Balance Request" : {
    "transaction" : "18 Get Wallet Balance Request",
    "sampleCount" : 1000,
    "errorCount" : 0,
    "errorPct" : 0.0,
    "meanResTime" : 5.032000000000001,
    "medianResTime" : 5.0,
    "minResTime" : 2.0,
    "maxResTime" : 22.0,
    "pct1ResTime" : 7.899999999999977,
    "pct2ResTime" : 9.0,
    "pct3ResTime" : 13.0,
    "throughput" : 22.387892627666957,
    "receivedKBytesPerSec" : 6.231005272348714,
    "sentKBytesPerSec" : 8.940311954295117
  },
  "22 Get Wallet Balance Request" : {
    "transaction" : "22 Get Wallet Balance Request",
    "sampleCount" : 1000,
    "errorCount" : 1000,
    "errorPct" : 100.0,
    "meanResTime" : 5.042000000000004,
    "medianResTime" : 5.0,
    "minResTime" : 2.0,
    "maxResTime" : 17.0,
    "pct1ResTime" : 7.0,
    "pct2ResTime" : 8.0,
    "pct3ResTime" : 11.990000000000009,
    "throughput" : 22.39390885679095,
    "receivedKBytesPerSec" : 6.232679711118576,
    "sentKBytesPerSec" : 8.942714456667787
  },
  "15 Login Request" : {
    "transaction" : "15 Login Request",
    "sampleCount" : 1000,
    "errorCount" : 0,
    "errorPct" : 0.0,
    "meanResTime" : 5.478000000000005,
    "medianResTime" : 5.0,
    "minResTime" : 2.0,
    "maxResTime" : 17.0,
    "pct1ResTime" : 8.0,
    "pct2ResTime" : 9.0,
    "pct3ResTime" : 13.990000000000009,
    "throughput" : 22.372365653944247,
    "receivedKBytesPerSec" : 11.004603988153832,
    "sentKBytesPerSec" : 5.55638675108506
  },
  "21 Get Wallet Transactions Request" : {
    "transaction" : "21 Get Wallet Transactions Request",
    "sampleCount" : 1000,
    "errorCount" : 1000,
    "errorPct" : 100.0,
    "meanResTime" : 4.933999999999998,
    "medianResTime" : 4.0,
    "minResTime" : 2.0,
    "maxResTime" : 15.0,
    "pct1ResTime" : 7.0,
    "pct2ResTime" : 8.0,
    "pct3ResTime" : 11.0,
    "throughput" : 22.39491187602177,
    "receivedKBytesPerSec" : 6.714099556580745,
    "sentKBytesPerSec" : 9.052465154916803
  }
}