{
  "23 Get Stock Portfolio Request" : {
    "transaction" : "23 Get Stock Portfolio Request",
    "sampleCount" : 10000,
    "errorCount" : 5113,
    "errorPct" : 51.13,
    "meanResTime" : 4992.2699,
    "medianResTime" : 4045.5,
    "minResTime" : 2.0,
    "maxResTime" : 65382.0,
    "pct1ResTime" : 9580.8,
    "pct2ResTime" : 12027.54999999999,
    "pct3ResTime" : 40073.11999999996,
    "throughput" : 89.26738259107505,
    "receivedKBytesPerSec" : 30.752395364679575,
    "sentKBytesPerSec" : 35.30594721619668
  },
  "16 Get Stock Prices Request" : {
    "transaction" : "16 Get Stock Prices Request",
    "sampleCount" : 10000,
    "errorCount" : 5000,
    "errorPct" : 50.0,
    "meanResTime" : 11716.362800000046,
    "medianResTime" : 9346.0,
    "minResTime" : 30.0,
    "maxResTime" : 72143.0,
    "pct1ResTime" : 16277.8,
    "pct2ResTime" : 41631.14999999998,
    "pct3ResTime" : 62962.829999999994,
    "throughput" : 83.69531557318736,
    "receivedKBytesPerSec" : 39.15044546831714,
    "sentKBytesPerSec" : 32.8569500590052
  },
  "14 Register Request" : {
    "transaction" : "14 Register Request",
    "sampleCount" : 10000,
    "errorCount" : 0,
    "errorPct" : 0.0,
    "meanResTime" : 6915.0535999999975,
    "medianResTime" : 7133.0,
    "minResTime" : 8.0,
    "maxResTime" : 22743.0,
    "pct1ResTime" : 12245.499999999998,
    "pct2ResTime" : 13346.849999999997,
    "pct3ResTime" : 15479.0,
    "throughput" : 189.33297991177085,
    "receivedKBytesPerSec" : 53.06500511199046,
    "sentKBytesPerSec" : 49.68123278253214
  },
  "19 Place Stock Order Request" : {
    "transaction" : "19 Place Stock Order Request",
    "sampleCount" : 10000,
    "errorCount" : 0,
    "errorPct" : 0.0,
    "meanResTime" : 1314.1228000000044,
    "medianResTime" : 578.5,
    "minResTime" : 3.0,
    "maxResTime" : 14138.0,
    "pct1ResTime" : 3531.7999999999993,
    "pct2ResTime" : 5061.0,
    "pct3ResTime" : 8466.309999999963,
    "throughput" : 84.35259384226066,
    "receivedKBytesPerSec" : 68.74242144664699,
    "sentKBytesPerSec" : 43.32955504006748
  },
  "Total" : {
    "transaction" : "Total",
    "sampleCount" : 100000,
    "errorCount" : 28124,
    "errorPct" : 28.124,
    "meanResTime" : 7494.780969999909,
    "medianResTime" : 1502.0,
    "minResTime" : 1.0,
    "maxResTime" : 72990.0,
    "pct1ResTime" : 13059.800000000003,
    "pct2ResTime" : 60139.0,
    "pct3ResTime" : 63539.780000000035,
    "throughput" : 796.4573576730701,
    "receivedKBytesPerSec" : 335.53416901621586,
    "sentKBytesPerSec" : 304.0926303551802
  },
  "20 Get Stock Transactions Request" : {
    "transaction" : "20 Get Stock Transactions Request",
    "sampleCount" : 10000,
    "errorCount" : 6405,
    "errorPct" : 64.05,
    "meanResTime" : 7773.993599999986,
    "medianResTime" : 6237.0,
    "minResTime" : 2.0,
    "maxResTime" : 68199.0,
    "pct1ResTime" : 13255.699999999999,
    "pct2ResTime" : 17865.85,
    "pct3ResTime" : 55206.16999999996,
    "throughput" : 85.32423208191128,
    "receivedKBytesPerSec" : 44.31602295755119,
    "sentKBytesPerSec" : 33.99637372013652
  },
  "17 Add Money Request" : {
    "transaction" : "17 Add Money Request",
    "sampleCount" : 10000,
    "errorCount" : 12,
    "errorPct" : 0.12,
    "meanResTime" : 11930.436600000032,
    "medianResTime" : 8718.0,
    "minResTime" : 11.0,
    "maxResTime" : 72990.0,
    "pct1ResTime" : 20318.999999999993,
    "pct2ResTime" : 43471.44999999999,
    "pct3ResTime" : 61951.96,
    "throughput" : 83.82440463716605,
    "receivedKBytesPerSec" : 24.069105428573227,
    "sentKBytesPerSec" : 36.10015863768578
  },
  "18 Get Wallet Balance Request" : {
    "transaction" : "18 Get Wallet Balance Request",
    "sampleCount" : 10000,
    "errorCount" : 11,
    "errorPct" : 0.11,
    "meanResTime" : 10098.6036,
    "medianResTime" : 7409.5,
    "minResTime" : 2.0,
    "maxResTime" : 72910.0,
    "pct1ResTime" : 16456.5,
    "pct2ResTime" : 39648.899999999994,
    "pct3ResTime" : 61545.89,
    "throughput" : 84.19634587858887,
    "receivedKBytesPerSec" : 25.406543371642673,
    "sentKBytesPerSec" : 33.218089584912015
  },
  "22 Get Wallet Balance Request" : {
    "transaction" : "22 Get Wallet Balance Request",
    "sampleCount" : 10000,
    "errorCount" : 5178,
    "errorPct" : 51.78,
    "meanResTime" : 5757.032599999994,
    "medianResTime" : 4808.5,
    "minResTime" : 2.0,
    "maxResTime" : 67555.0,
    "pct1ResTime" : 10870.699999999999,
    "pct2ResTime" : 13331.0,
    "pct3ResTime" : 40429.71999999997,
    "throughput" : 88.05840033109959,
    "receivedKBytesPerSec" : 26.530534112723558,
    "sentKBytesPerSec" : 34.74179075562913
  },
  "15 Login Request" : {
    "transaction" : "15 Login Request",
    "sampleCount" : 10000,
    "errorCount" : 0,
    "errorPct" : 0.0,
    "meanResTime" : 7607.2818,
    "medianResTime" : 7673.0,
    "minResTime" : 5.0,
    "maxResTime" : 21918.0,
    "pct1ResTime" : 12869.9,
    "pct2ResTime" : 14487.649999999992,
    "pct3ResTime" : 17577.92,
    "throughput" : 187.20982477160402,
    "receivedKBytesPerSec" : 95.43313333083721,
    "sentKBytesPerSec" : 44.242946869851735
  },
  "21 Get Wallet Transactions Request" : {
    "transaction" : "21 Get Wallet Transactions Request",
    "sampleCount" : 10000,
    "errorCount" : 6405,
    "errorPct" : 64.05,
    "meanResTime" : 6842.652400000008,
    "medianResTime" : 5594.0,
    "minResTime" : 1.0,
    "maxResTime" : 68302.0,
    "pct1ResTime" : 12072.9,
    "pct2ResTime" : 15409.399999999987,
    "pct3ResTime" : 42864.53999999999,
    "throughput" : 86.36473555117973,
    "receivedKBytesPerSec" : 33.338812096244865,
    "sentKBytesPerSec" : 34.495289883234875
  }
}