{
  "23 Get Stock Portfolio Request" : {
    "transaction" : "23 Get Stock Portfolio Request",
    "sampleCount" : 5000,
    "errorCount" : 4810,
    "errorPct" : 96.2,
    "meanResTime" : 8706.414400000003,
    "medianResTime" : 8018.0,
    "minResTime" : 1262.0,
    "maxResTime" : 15926.0,
    "pct1ResTime" : 13160.800000000001,
    "pct2ResTime" : 14091.95,
    "pct3ResTime" : 15046.98,
    "throughput" : 40.04036068356904,
    "receivedKBytesPerSec" : 93.36866248678669,
    "sentKBytesPerSec" : 1.4690432956420072
  },
  "16 Get Stock Prices Request" : {
    "transaction" : "16 Get Stock Prices Request",
    "sampleCount" : 5000,
    "errorCount" : 1808,
    "errorPct" : 36.16,
    "meanResTime" : 6936.958799999992,
    "medianResTime" : 6138.0,
    "minResTime" : 111.0,
    "maxResTime" : 15917.0,
    "pct1ResTime" : 12714.7,
    "pct2ResTime" : 12974.9,
    "pct3ResTime" : 14568.98,
    "throughput" : 68.5091048600359,
    "receivedKBytesPerSec" : 83.05924785138319,
    "sentKBytesPerSec" : 17.56423584944439
  },
  "14 Register Request" : {
    "transaction" : "14 Register Request",
    "sampleCount" : 5000,
    "errorCount" : 35,
    "errorPct" : 0.7,
    "meanResTime" : 2818.847400000006,
    "medianResTime" : 2646.5,
    "minResTime" : 18.0,
    "maxResTime" : 9613.0,
    "pct1ResTime" : 5616.800000000001,
    "pct2ResTime" : 6410.749999999999,
    "pct3ResTime" : 8659.849999999997,
    "throughput" : 92.07424867413081,
    "receivedKBytesPerSec" : 27.257394425364613,
    "sentKBytesPerSec" : 25.10089683195529
  },
  "19 Place Stock Order Request" : {
    "transaction" : "19 Place Stock Order Request",
    "sampleCount" : 5000,
    "errorCount" : 2201,
    "errorPct" : 44.02,
    "meanResTime" : 5672.762199999986,
    "medianResTime" : 4827.5,
    "minResTime" : 46.0,
    "maxResTime" : 15111.0,
    "pct1ResTime" : 12022.0,
    "pct2ResTime" : 14384.649999999998,
    "pct3ResTime" : 15050.97,
    "throughput" : 50.70891056976532,
    "receivedKBytesPerSec" : 80.14326416109714,
    "sentKBytesPerSec" : 15.163677666908379
  },
  "Total" : {
    "transaction" : "Total",
    "sampleCount" : 50000,
    "errorCount" : 29142,
    "errorPct" : 58.284,
    "meanResTime" : 7169.9297799999395,
    "medianResTime" : 8048.0,
    "minResTime" : 18.0,
    "maxResTime" : 15928.0,
    "pct1ResTime" : 14474.0,
    "pct2ResTime" : 14874.95,
    "pct3ResTime" : 15108.0,
    "throughput" : 354.46663405573634,
    "receivedKBytesPerSec" : 559.4507215500649,
    "sentKBytesPerSec" : 58.55885719071014
  },
  "20 Get Stock Transactions Request" : {
    "transaction" : "20 Get Stock Transactions Request",
    "sampleCount" : 5000,
    "errorCount" : 4893,
    "errorPct" : 97.86,
    "meanResTime" : 9204.134599999965,
    "medianResTime" : 8178.0,
    "minResTime" : 326.0,
    "maxResTime" : 15928.0,
    "pct1ResTime" : 14380.0,
    "pct2ResTime" : 14923.0,
    "pct3ResTime" : 15232.809999999974,
    "throughput" : 47.14757190004715,
    "receivedKBytesPerSec" : 100.31725159123056,
    "sentKBytesPerSec" : 3.6249115983026874
  },
  "17 Add Money Request" : {
    "transaction" : "17 Add Money Request",
    "sampleCount" : 5000,
    "errorCount" : 2489,
    "errorPct" : 49.78,
    "meanResTime" : 8498.170399999992,
    "medianResTime" : 9425.0,
    "minResTime" : 109.0,
    "maxResTime" : 15923.0,
    "pct1ResTime" : 14481.7,
    "pct2ResTime" : 14677.95,
    "pct3ResTime" : 15097.98,
    "throughput" : 60.339833944776984,
    "receivedKBytesPerSec" : 84.76109715542937,
    "sentKBytesPerSec" : 13.31660065740249
  },
  "18 Get Wallet Balance Request" : {
    "transaction" : "18 Get Wallet Balance Request",
    "sampleCount" : 5000,
    "errorCount" : 3156,
    "errorPct" : 63.12,
    "meanResTime" : 8698.634199999988,
    "medianResTime" : 9365.0,
    "minResTime" : 97.0,
    "maxResTime" : 15923.0,
    "pct1ResTime" : 13781.0,
    "pct2ResTime" : 14465.95,
    "pct3ResTime" : 15070.0,
    "throughput" : 55.168761240635106,
    "receivedKBytesPerSec" : 94.09627017797442,
    "sentKBytesPerSec" : 8.246102758024296
  },
  "22 Get Wallet Balance Request" : {
    "transaction" : "22 Get Wallet Balance Request",
    "sampleCount" : 5000,
    "errorCount" : 4826,
    "errorPct" : 96.52,
    "meanResTime" : 8892.873200000011,
    "medianResTime" : 8032.5,
    "minResTime" : 525.0,
    "maxResTime" : 15919.0,
    "pct1ResTime" : 12847.900000000001,
    "pct2ResTime" : 13522.8,
    "pct3ResTime" : 14905.809999999996,
    "throughput" : 42.18554891836253,
    "receivedKBytesPerSec" : 98.76752611812798,
    "sentKBytesPerSec" : 1.4564231189463737
  },
  "15 Login Request" : {
    "transaction" : "15 Login Request",
    "sampleCount" : 5000,
    "errorCount" : 31,
    "errorPct" : 0.62,
    "meanResTime" : 2965.134000000006,
    "medianResTime" : 2455.0,
    "minResTime" : 36.0,
    "maxResTime" : 11123.0,
    "pct1ResTime" : 6347.900000000006,
    "pct2ResTime" : 7413.95,
    "pct3ResTime" : 8672.97,
    "throughput" : 86.43640009680877,
    "receivedKBytesPerSec" : 45.73336423434637,
    "sentKBytesPerSec" : 21.917654337594648
  },
  "21 Get Wallet Transactions Request" : {
    "transaction" : "21 Get Wallet Transactions Request",
    "sampleCount" : 5000,
    "errorCount" : 4893,
    "errorPct" : 97.86,
    "meanResTime" : 9305.36860000002,
    "medianResTime" : 8144.5,
    "minResTime" : 154.0,
    "maxResTime" : 15911.0,
    "pct1ResTime" : 14048.900000000001,
    "pct2ResTime" : 14560.95,
    "pct3ResTime" : 15070.779999999995,
    "throughput" : 44.528355656882304,
    "receivedKBytesPerSec" : 100.35440744447314,
    "sentKBytesPerSec" : 2.3229712602860504
  }
}