{
  "23 Get Stock Portfolio Request" : {
    "transaction" : "23 Get Stock Portfolio Request",
    "sampleCount" : 17000,
    "errorCount" : 4280,
    "errorPct" : 25.17647,
    "meanResTime" : 11807.420529411733,
    "medianResTime" : 6707.0,
    "minResTime" : 1.0,
    "maxResTime" : 82916.0,
    "pct1ResTime" : 33964.899999999994,
    "pct2ResTime" : 45950.54999999999,
    "pct3ResTime" : 72555.83000000003,
    "throughput" : 76.9627771791784,
    "receivedKBytesPerSec" : 29.54125215467481,
    "sentKBytesPerSec" : 30.39340888795578
  },
  "16 Get Stock Prices Request" : {
    "transaction" : "16 Get Stock Prices Request",
    "sampleCount" : 17000,
    "errorCount" : 666,
    "errorPct" : 3.9176471,
    "meanResTime" : 20620.09664705884,
    "medianResTime" : 16220.0,
    "minResTime" : 15.0,
    "maxResTime" : 80587.0,
    "pct1ResTime" : 36278.1,
    "pct2ResTime" : 69193.84999999998,
    "pct3ResTime" : 80001.0,
    "throughput" : 73.03032906607098,
    "receivedKBytesPerSec" : 38.58839858181545,
    "sentKBytesPerSec" : 28.11465459607784
  },
  "14 Register Request" : {
    "transaction" : "14 Register Request",
    "sampleCount" : 17000,
    "errorCount" : 141,
    "errorPct" : 0.82941175,
    "meanResTime" : 10245.08682352942,
    "medianResTime" : 7654.0,
    "minResTime" : 30.0,
    "maxResTime" : 80006.0,
    "pct1ResTime" : 20040.8,
    "pct2ResTime" : 25287.749999999993,
    "pct3ResTime" : 75897.53000000007,
    "throughput" : 112.12241129138637,
    "receivedKBytesPerSec" : 33.328818293678275,
    "sentKBytesPerSec" : 30.188302272952118
  },
  "19 Place Stock Order Request" : {
    "transaction" : "19 Place Stock Order Request",
    "sampleCount" : 17000,
    "errorCount" : 427,
    "errorPct" : 2.5117648,
    "meanResTime" : 6750.739647058834,
    "medianResTime" : 4217.0,
    "minResTime" : 2.0,
    "maxResTime" : 80002.0,
    "pct1ResTime" : 15911.0,
    "pct2ResTime" : 19575.649999999994,
    "pct3ResTime" : 37097.750000000204,
    "throughput" : 69.65700073344725,
    "receivedKBytesPerSec" : 59.054471358424195,
    "sentKBytesPerSec" : 36.262158923983726
  },
  "Total" : {
    "transaction" : "Total",
    "sampleCount" : 170000,
    "errorCount" : 26507,
    "errorPct" : 15.592353,
    "meanResTime" : 16465.00079411789,
    "medianResTime" : 3929.0,
    "minResTime" : 1.0,
    "maxResTime" : 83000.0,
    "pct1ResTime" : 42200.10000000001,
    "pct2ResTime" : 60952.0,
    "pct3ResTime" : 74797.0,
    "throughput" : 661.0773227146168,
    "receivedKBytesPerSec" : 322.2738277057506,
    "sentKBytesPerSec" : 251.19402534356576
  },
  "20 Get Stock Transactions Request" : {
    "transaction" : "20 Get Stock Transactions Request",
    "sampleCount" : 17000,
    "errorCount" : 5763,
    "errorPct" : 33.9,
    "meanResTime" : 21274.974823529497,
    "medianResTime" : 15112.5,
    "minResTime" : 2.0,
    "maxResTime" : 80568.0,
    "pct1ResTime" : 47162.7,
    "pct2ResTime" : 62428.54999999999,
    "pct3ResTime" : 80000.0,
    "throughput" : 69.71184404230279,
    "receivedKBytesPerSec" : 50.46546431676242,
    "sentKBytesPerSec" : 27.502307602999252
  },
  "17 Add Money Request" : {
    "transaction" : "17 Add Money Request",
    "sampleCount" : 17000,
    "errorCount" : 1407,
    "errorPct" : 8.27647,
    "meanResTime" : 23032.236764706002,
    "medianResTime" : 17383.0,
    "minResTime" : 4.0,
    "maxResTime" : 83000.0,
    "pct1ResTime" : 50424.1,
    "pct2ResTime" : 67970.84999999999,
    "pct3ResTime" : 80001.0,
    "throughput" : 70.21572749689192,
    "receivedKBytesPerSec" : 25.014635268017564,
    "sentKBytesPerSec" : 29.566331081095036
  },
  "18 Get Wallet Balance Request" : {
    "transaction" : "18 Get Wallet Balance Request",
    "sampleCount" : 17000,
    "errorCount" : 2649,
    "errorPct" : 15.582353,
    "meanResTime" : 27438.55082352936,
    "medianResTime" : 20875.0,
    "minResTime" : 2.0,
    "maxResTime" : 82921.0,
    "pct1ResTime" : 62828.299999999996,
    "pct2ResTime" : 76321.84999999998,
    "pct3ResTime" : 80002.0,
    "throughput" : 69.5538326207475,
    "receivedKBytesPerSec" : 29.29614382172739,
    "sentKBytesPerSec" : 26.157922680175112
  },
  "22 Get Wallet Balance Request" : {
    "transaction" : "22 Get Wallet Balance Request",
    "sampleCount" : 17000,
    "errorCount" : 4652,
    "errorPct" : 27.364706,
    "meanResTime" : 15156.652647058803,
    "medianResTime" : 8988.5,
    "minResTime" : 1.0,
    "maxResTime" : 82924.0,
    "pct1ResTime" : 40900.59999999999,
    "pct2ResTime" : 51907.04999999994,
    "pct3ResTime" : 79453.60000000006,
    "throughput" : 73.23514080532807,
    "receivedKBytesPerSec" : 24.442022101665454,
    "sentKBytesPerSec" : 28.724704427548907
  },
  "15 Login Request" : {
    "transaction" : "15 Login Request",
    "sampleCount" : 17000,
    "errorCount" : 147,
    "errorPct" : 0.86470586,
    "meanResTime" : 9649.887823529436,
    "medianResTime" : 8202.5,
    "minResTime" : 18.0,
    "maxResTime" : 50675.0,
    "pct1ResTime" : 19090.299999999996,
    "pct2ResTime" : 22811.59999999999,
    "pct3ResTime" : 29647.99,
    "throughput" : 103.91071013801788,
    "receivedKBytesPerSec" : 53.66222338548734,
    "sentKBytesPerSec" : 26.174312794923043
  },
  "21 Get Wallet Transactions Request" : {
    "transaction" : "21 Get Wallet Transactions Request",
    "sampleCount" : 17000,
    "errorCount" : 6375,
    "errorPct" : 37.5,
    "meanResTime" : 18674.361411764705,
    "medianResTime" : 12016.0,
    "minResTime" : 1.0,
    "maxResTime" : 82901.0,
    "pct1ResTime" : 45343.99999999999,
    "pct2ResTime" : 60021.0,
    "pct3ResTime" : 80000.0,
    "throughput" : 71.25641831709106,
    "receivedKBytesPerSec" : 33.217279681441894,
    "sentKBytesPerSec" : 28.09403407602431
  }
}