{
  "23 Get Stock Portfolio Request" : {
    "transaction" : "23 Get Stock Portfolio Request",
    "sampleCount" : 10000,
    "errorCount" : 5058,
    "errorPct" : 50.58,
    "meanResTime" : 4574.65869999999,
    "medianResTime" : 3155.0,
    "minResTime" : 1.0,
    "maxResTime" : 72923.0,
    "pct1ResTime" : 9374.8,
    "pct2ResTime" : 11829.849999999997,
    "pct3ResTime" : 31115.00999999972,
    "throughput" : 92.79278443308249,
    "receivedKBytesPerSec" : 31.99928361070643,
    "sentKBytesPerSec" : 36.70027118691251
  },
  "16 Get Stock Prices Request" : {
    "transaction" : "16 Get Stock Prices Request",
    "sampleCount" : 10000,
    "errorCount" : 5000,
    "errorPct" : 50.0,
    "meanResTime" : 12039.858000000004,
    "medianResTime" : 8525.0,
    "minResTime" : 22.0,
    "maxResTime" : 74968.0,
    "pct1ResTime" : 19293.599999999973,
    "pct2ResTime" : 59730.0,
    "pct3ResTime" : 62946.99,
    "throughput" : 84.94372478233171,
    "receivedKBytesPerSec" : 39.73441813548524,
    "sentKBytesPerSec" : 33.347048205563816
  },
  "14 Register Request" : {
    "transaction" : "14 Register Request",
    "sampleCount" : 10000,
    "errorCount" : 0,
    "errorPct" : 0.0,
    "meanResTime" : 7480.404200000022,
    "medianResTime" : 7550.5,
    "minResTime" : 4.0,
    "maxResTime" : 28115.0,
    "pct1ResTime" : 13676.699999999999,
    "pct2ResTime" : 15068.949999999999,
    "pct3ResTime" : 17064.739999999994,
    "throughput" : 205.3725457980777,
    "receivedKBytesPerSec" : 57.56046937895342,
    "sentKBytesPerSec" : 53.89003680019305
  },
  "19 Place Stock Order Request" : {
    "transaction" : "19 Place Stock Order Request",
    "sampleCount" : 10000,
    "errorCount" : 0,
    "errorPct" : 0.0,
    "meanResTime" : 1367.4031999999963,
    "medianResTime" : 794.0,
    "minResTime" : 4.0,
    "maxResTime" : 8201.0,
    "pct1ResTime" : 3586.8999999999996,
    "pct2ResTime" : 4678.849999999997,
    "pct3ResTime" : 6595.639999999992,
    "throughput" : 85.72432770695995,
    "receivedKBytesPerSec" : 69.86030417134579,
    "sentKBytesPerSec" : 44.03417614634857
  },
  "Total" : {
    "transaction" : "Total",
    "sampleCount" : 100000,
    "errorCount" : 27577,
    "errorPct" : 27.577,
    "meanResTime" : 7307.838070000042,
    "medianResTime" : 1491.0,
    "minResTime" : 1.0,
    "maxResTime" : 74968.0,
    "pct1ResTime" : 23490.300000000025,
    "pct2ResTime" : 60630.9,
    "pct3ResTime" : 63121.97,
    "throughput" : 811.839872703508,
    "receivedKBytesPerSec" : 343.00974315669725,
    "sentKBytesPerSec" : 309.96577524111643
  },
  "20 Get Stock Transactions Request" : {
    "transaction" : "20 Get Stock Transactions Request",
    "sampleCount" : 10000,
    "errorCount" : 6197,
    "errorPct" : 61.97,
    "meanResTime" : 7782.836400000024,
    "medianResTime" : 6420.5,
    "minResTime" : 2.0,
    "maxResTime" : 67506.0,
    "pct1ResTime" : 12935.8,
    "pct2ResTime" : 17296.899999999998,
    "pct3ResTime" : 60569.92,
    "throughput" : 86.21432882145012,
    "receivedKBytesPerSec" : 45.72749065113372,
    "sentKBytesPerSec" : 34.351021639796535
  },
  "17 Add Money Request" : {
    "transaction" : "17 Add Money Request",
    "sampleCount" : 10000,
    "errorCount" : 3,
    "errorPct" : 0.03,
    "meanResTime" : 10375.308299999979,
    "medianResTime" : 7739.0,
    "minResTime" : 6.0,
    "maxResTime" : 72712.0,
    "pct1ResTime" : 16194.699999999999,
    "pct2ResTime" : 35696.849999999955,
    "pct3ResTime" : 62249.62999999999,
    "throughput" : 85.00148752603171,
    "receivedKBytesPerSec" : 24.40559555495346,
    "sentKBytesPerSec" : 36.60708593650389
  },
  "18 Get Wallet Balance Request" : {
    "transaction" : "18 Get Wallet Balance Request",
    "sampleCount" : 10000,
    "errorCount" : 2,
    "errorPct" : 0.02,
    "meanResTime" : 9438.764800000003,
    "medianResTime" : 7189.5,
    "minResTime" : 2.0,
    "maxResTime" : 70226.0,
    "pct1ResTime" : 15022.0,
    "pct2ResTime" : 25965.249999999985,
    "pct3ResTime" : 62178.97,
    "throughput" : 85.31913622906481,
    "receivedKBytesPerSec" : 25.74564925729692,
    "sentKBytesPerSec" : 33.66106546537323
  },
  "22 Get Wallet Balance Request" : {
    "transaction" : "22 Get Wallet Balance Request",
    "sampleCount" : 10000,
    "errorCount" : 5120,
    "errorPct" : 51.2,
    "meanResTime" : 5588.531999999979,
    "medianResTime" : 4472.0,
    "minResTime" : 2.0,
    "maxResTime" : 67678.0,
    "pct1ResTime" : 10721.9,
    "pct2ResTime" : 13706.099999999959,
    "pct3ResTime" : 38157.429999999986,
    "throughput" : 90.61089867889311,
    "receivedKBytesPerSec" : 27.299364817600264,
    "sentKBytesPerSec" : 35.74883111940704
  },
  "15 Login Request" : {
    "transaction" : "15 Login Request",
    "sampleCount" : 10000,
    "errorCount" : 0,
    "errorPct" : 0.0,
    "meanResTime" : 7953.08210000001,
    "medianResTime" : 8117.0,
    "minResTime" : 10.0,
    "maxResTime" : 28194.0,
    "pct1ResTime" : 13907.599999999999,
    "pct2ResTime" : 15263.349999999986,
    "pct3ResTime" : 17914.659999999993,
    "throughput" : 198.58212363723018,
    "receivedKBytesPerSec" : 101.23034036975992,
    "sentKBytesPerSec" : 46.93054093770479
  },
  "21 Get Wallet Transactions Request" : {
    "transaction" : "21 Get Wallet Transactions Request",
    "sampleCount" : 10000,
    "errorCount" : 6197,
    "errorPct" : 61.97,
    "meanResTime" : 6477.532999999987,
    "medianResTime" : 5610.5,
    "minResTime" : 1.0,
    "maxResTime" : 64873.0,
    "pct1ResTime" : 11825.0,
    "pct2ResTime" : 14861.149999999981,
    "pct3ResTime" : 41863.66999999999,
    "throughput" : 88.82888004548039,
    "receivedKBytesPerSec" : 34.37139826650441,
    "sentKBytesPerSec" : 35.479503846290505
  }
}