{
  "23 Get Stock Portfolio Request" : {
    "transaction" : "23 Get Stock Portfolio Request",
    "sampleCount" : 15000,
    "errorCount" : 1681,
    "errorPct" : 11.206667,
    "meanResTime" : 9263.654199999983,
    "medianResTime" : 4854.5,
    "minResTime" : 2.0,
    "maxResTime" : 80327.0,
    "pct1ResTime" : 23649.299999999996,
    "pct2ResTime" : 36121.0,
    "pct3ResTime" : 77534.7,
    "throughput" : 84.23842844787887,
    "receivedKBytesPerSec" : 33.07527563515775,
    "sentKBytesPerSec" : 33.428704104096234
  },
  "16 Get Stock Prices Request" : {
    "transaction" : "16 Get Stock Prices Request",
    "sampleCount" : 15000,
    "errorCount" : 244,
    "errorPct" : 1.6266667,
    "meanResTime" : 16585.227999999985,
    "medianResTime" : 14456.0,
    "minResTime" : 31.0,
    "maxResTime" : 80252.0,
    "pct1ResTime" : 27032.8,
    "pct2ResTime" : 42468.649999999754,
    "pct3ResTime" : 80000.0,
    "throughput" : 78.07660876852368,
    "receivedKBytesPerSec" : 39.01315314336427,
    "sentKBytesPerSec" : 30.620288767964126
  },
  "14 Register Request" : {
    "transaction" : "14 Register Request",
    "sampleCount" : 15000,
    "errorCount" : 19,
    "errorPct" : 0.12666667,
    "meanResTime" : 6365.538266666669,
    "medianResTime" : 5037.0,
    "minResTime" : 12.0,
    "maxResTime" : 79304.0,
    "pct1ResTime" : 12487.499999999998,
    "pct2ResTime" : 14736.849999999997,
    "pct3ResTime" : 22663.92999999998,
    "throughput" : 103.2858677390035,
    "receivedKBytesPerSec" : 29.175830149403005,
    "sentKBytesPerSec" : 28.007482738349353
  },
  "19 Place Stock Order Request" : {
    "transaction" : "19 Place Stock Order Request",
    "sampleCount" : 15000,
    "errorCount" : 149,
    "errorPct" : 0.99333334,
    "meanResTime" : 7117.826866666649,
    "medianResTime" : 4364.0,
    "minResTime" : 7.0,
    "maxResTime" : 78892.0,
    "pct1ResTime" : 14001.699999999999,
    "pct2ResTime" : 24248.649999999994,
    "pct3ResTime" : 68761.78,
    "throughput" : 75.92975991009916,
    "receivedKBytesPerSec" : 63.90900621073799,
    "sentKBytesPerSec" : 39.96695888814787
  },
  "Total" : {
    "transaction" : "Total",
    "sampleCount" : 150000,
    "errorCount" : 13047,
    "errorPct" : 8.698,
    "meanResTime" : 12693.81481333329,
    "medianResTime" : 4187.0,
    "minResTime" : 1.0,
    "maxResTime" : 80338.0,
    "pct1ResTime" : 36051.0,
    "pct2ResTime" : 37747.9,
    "pct3ResTime" : 60052.93000000001,
    "throughput" : 714.5443112745565,
    "receivedKBytesPerSec" : 339.71690908078637,
    "sentKBytesPerSec" : 275.2082626852456
  },
  "20 Get Stock Transactions Request" : {
    "transaction" : "20 Get Stock Transactions Request",
    "sampleCount" : 15000,
    "errorCount" : 3872,
    "errorPct" : 25.813334,
    "meanResTime" : 17884.428866666647,
    "medianResTime" : 14318.5,
    "minResTime" : 2.0,
    "maxResTime" : 80268.0,
    "pct1ResTime" : 36727.9,
    "pct2ResTime" : 45194.949999999975,
    "pct3ResTime" : 80000.0,
    "throughput" : 76.11933481850613,
    "receivedKBytesPerSec" : 57.76796424230814,
    "sentKBytesPerSec" : 30.277639921609772
  },
  "17 Add Money Request" : {
    "transaction" : "17 Add Money Request",
    "sampleCount" : 15000,
    "errorCount" : 235,
    "errorPct" : 1.5666667,
    "meanResTime" : 15802.982199999984,
    "medianResTime" : 13908.0,
    "minResTime" : 4.0,
    "maxResTime" : 80258.0,
    "pct1ResTime" : 25016.0,
    "pct2ResTime" : 36856.69999999997,
    "pct3ResTime" : 73663.18999999999,
    "throughput" : 78.14250066421125,
    "receivedKBytesPerSec" : 23.559719754945117,
    "sentKBytesPerSec" : 33.88007002382044
  },
  "18 Get Wallet Balance Request" : {
    "transaction" : "18 Get Wallet Balance Request",
    "sampleCount" : 15000,
    "errorCount" : 367,
    "errorPct" : 2.4466667,
    "meanResTime" : 17522.579133333315,
    "medianResTime" : 14204.0,
    "minResTime" : 6.0,
    "maxResTime" : 80338.0,
    "pct1ResTime" : 31524.6,
    "pct2ResTime" : 44191.649999999994,
    "pct3ResTime" : 78422.09999999996,
    "throughput" : 75.8552681483729,
    "receivedKBytesPerSec" : 24.763505398366583,
    "sentKBytesPerSec" : 30.006413128334472
  },
  "22 Get Wallet Balance Request" : {
    "transaction" : "22 Get Wallet Balance Request",
    "sampleCount" : 15000,
    "errorCount" : 2150,
    "errorPct" : 14.333333,
    "meanResTime" : 13053.821999999962,
    "medianResTime" : 7620.5,
    "minResTime" : 1.0,
    "maxResTime" : 80326.0,
    "pct1ResTime" : 32275.799999999996,
    "pct2ResTime" : 38782.69999999997,
    "pct3ResTime" : 80000.0,
    "throughput" : 80.39877793857534,
    "receivedKBytesPerSec" : 26.802230731092887,
    "sentKBytesPerSec" : 31.683530519711102
  },
  "15 Login Request" : {
    "transaction" : "15 Login Request",
    "sampleCount" : 15000,
    "errorCount" : 19,
    "errorPct" : 0.12666667,
    "meanResTime" : 6459.736266666643,
    "medianResTime" : 6036.0,
    "minResTime" : 9.0,
    "maxResTime" : 33551.0,
    "pct1ResTime" : 13045.8,
    "pct2ResTime" : 14793.949999999999,
    "pct3ResTime" : 16948.869999999995,
    "throughput" : 103.74161421951726,
    "receivedKBytesPerSec" : 53.56767141140466,
    "sentKBytesPerSec" : 26.155368196279134
  },
  "21 Get Wallet Transactions Request" : {
    "transaction" : "21 Get Wallet Transactions Request",
    "sampleCount" : 15000,
    "errorCount" : 4311,
    "errorPct" : 28.74,
    "meanResTime" : 16882.35233333334,
    "medianResTime" : 10545.5,
    "minResTime" : 2.0,
    "maxResTime" : 80333.0,
    "pct1ResTime" : 37990.9,
    "pct2ResTime" : 57099.59999999986,
    "pct3ResTime" : 80002.0,
    "throughput" : 76.71182436060694,
    "receivedKBytesPerSec" : 38.45152228222791,
    "sentKBytesPerSec" : 30.060622118512097
  }
}