{
  "23 Get Stock Portfolio Request" : {
    "transaction" : "23 Get Stock Portfolio Request",
    "sampleCount" : 12000,
    "errorCount" : 873,
    "errorPct" : 7.275,
    "meanResTime" : 6357.193166666634,
    "medianResTime" : 4539.0,
    "minResTime" : 2.0,
    "maxResTime" : 80002.0,
    "pct1ResTime" : 13885.8,
    "pct2ResTime" : 19647.85,
    "pct3ResTime" : 41387.909999999974,
    "throughput" : 84.43271767810026,
    "receivedKBytesPerSec" : 31.598607904573438,
    "sentKBytesPerSec" : 33.86028199208443
  },
  "16 Get Stock Prices Request" : {
    "transaction" : "16 Get Stock Prices Request",
    "sampleCount" : 12000,
    "errorCount" : 108,
    "errorPct" : 0.9,
    "meanResTime" : 13535.796499999964,
    "medianResTime" : 9314.5,
    "minResTime" : 17.0,
    "maxResTime" : 80173.0,
    "pct1ResTime" : 24771.999999999996,
    "pct2ResTime" : 59404.24999999994,
    "pct3ResTime" : 79753.32999999996,
    "throughput" : 87.1250898477489,
    "receivedKBytesPerSec" : 42.431790583955916,
    "sentKBytesPerSec" : 34.401477859336545
  },
  "14 Register Request" : {
    "transaction" : "14 Register Request",
    "sampleCount" : 12000,
    "errorCount" : 0,
    "errorPct" : 0.0,
    "meanResTime" : 6727.3569999999945,
    "medianResTime" : 6831.0,
    "minResTime" : 3.0,
    "maxResTime" : 37337.0,
    "pct1ResTime" : 12214.099999999997,
    "pct2ResTime" : 14591.849999999997,
    "pct3ResTime" : 17989.509999999987,
    "throughput" : 180.82365173364676,
    "receivedKBytesPerSec" : 50.68006645269201,
    "sentKBytesPerSec" : 49.09229705370463
  },
  "19 Place Stock Order Request" : {
    "transaction" : "19 Place Stock Order Request",
    "sampleCount" : 12000,
    "errorCount" : 0,
    "errorPct" : 0.0,
    "meanResTime" : 1286.44075,
    "medianResTime" : 664.5,
    "minResTime" : 3.0,
    "maxResTime" : 11443.0,
    "pct1ResTime" : 3632.699999999999,
    "pct2ResTime" : 4952.849999999997,
    "pct3ResTime" : 7239.9299999999985,
    "throughput" : 81.64098377385449,
    "receivedKBytesPerSec" : 67.92784978058985,
    "sentKBytesPerSec" : 43.37177262986019
  },
  "Total" : {
    "transaction" : "Total",
    "sampleCount" : 120000,
    "errorCount" : 7278,
    "errorPct" : 6.065,
    "meanResTime" : 8274.62411666654,
    "medianResTime" : 460.5,
    "minResTime" : 2.0,
    "maxResTime" : 80173.0,
    "pct1ResTime" : 24980.800000000003,
    "pct2ResTime" : 60792.850000000006,
    "pct3ResTime" : 80001.0,
    "throughput" : 765.0377737400784,
    "receivedKBytesPerSec" : 353.47929068646204,
    "sentKBytesPerSec" : 297.62479056094804
  },
  "20 Get Stock Transactions Request" : {
    "transaction" : "20 Get Stock Transactions Request",
    "sampleCount" : 12000,
    "errorCount" : 2387,
    "errorPct" : 19.891666,
    "meanResTime" : 8848.90633333334,
    "medianResTime" : 7609.0,
    "minResTime" : 3.0,
    "maxResTime" : 80003.0,
    "pct1ResTime" : 14930.399999999998,
    "pct2ResTime" : 19629.299999999985,
    "pct3ResTime" : 60676.869999999995,
    "throughput" : 81.9000819000819,
    "receivedKBytesPerSec" : 62.25091391107016,
    "sentKBytesPerSec" : 33.07883522727273
  },
  "17 Add Money Request" : {
    "transaction" : "17 Add Money Request",
    "sampleCount" : 12000,
    "errorCount" : 162,
    "errorPct" : 1.35,
    "meanResTime" : 12671.646499999992,
    "medianResTime" : 8344.0,
    "minResTime" : 7.0,
    "maxResTime" : 80078.0,
    "pct1ResTime" : 21979.699999999968,
    "pct2ResTime" : 59455.24999999996,
    "pct3ResTime" : 79836.9,
    "throughput" : 81.4719261321203,
    "receivedKBytesPerSec" : 25.148987276376538,
    "sentKBytesPerSec" : 35.235434506331046
  },
  "18 Get Wallet Balance Request" : {
    "transaction" : "18 Get Wallet Balance Request",
    "sampleCount" : 12000,
    "errorCount" : 152,
    "errorPct" : 1.2666667,
    "meanResTime" : 10619.840083333338,
    "medianResTime" : 7712.5,
    "minResTime" : 3.0,
    "maxResTime" : 80130.0,
    "pct1ResTime" : 17398.8,
    "pct2ResTime" : 36102.04999999998,
    "pct3ResTime" : 68172.69999999997,
    "throughput" : 81.58270446665307,
    "receivedKBytesPerSec" : 25.320461749609084,
    "sentKBytesPerSec" : 32.54245646797879
  },
  "22 Get Wallet Balance Request" : {
    "transaction" : "22 Get Wallet Balance Request",
    "sampleCount" : 12000,
    "errorCount" : 1182,
    "errorPct" : 9.85,
    "meanResTime" : 7661.8209166666375,
    "medianResTime" : 6249.5,
    "minResTime" : 2.0,
    "maxResTime" : 80090.0,
    "pct1ResTime" : 15036.599999999999,
    "pct2ResTime" : 20630.899999999998,
    "pct3ResTime" : 55353.96999999998,
    "throughput" : 83.59456635318705,
    "receivedKBytesPerSec" : 25.35768514890282,
    "sentKBytesPerSec" : 33.43422098136538
  },
  "15 Login Request" : {
    "transaction" : "15 Login Request",
    "sampleCount" : 12000,
    "errorCount" : 0,
    "errorPct" : 0.0,
    "meanResTime" : 6593.245916666659,
    "medianResTime" : 6588.0,
    "minResTime" : 8.0,
    "maxResTime" : 37949.0,
    "pct1ResTime" : 11491.0,
    "pct2ResTime" : 13370.849999999997,
    "pct3ResTime" : 17412.989999999998,
    "throughput" : 179.8588108334957,
    "receivedKBytesPerSec" : 92.91534270597582,
    "sentKBytesPerSec" : 45.34516088464306
  },
  "21 Get Wallet Transactions Request" : {
    "transaction" : "21 Get Wallet Transactions Request",
    "sampleCount" : 12000,
    "errorCount" : 2414,
    "errorPct" : 20.116667,
    "meanResTime" : 8443.993999999975,
    "medianResTime" : 7110.0,
    "minResTime" : 2.0,
    "maxResTime" : 80110.0,
    "pct1ResTime" : 15432.399999999998,
    "pct2ResTime" : 20741.649999999994,
    "pct3ResTime" : 60492.97,
    "throughput" : 82.19684775088876,
    "receivedKBytesPerSec" : 36.80520385246351,
    "sentKBytesPerSec" : 33.23724659182758
  }
}