{
  "23 Get Stock Portfolio Request" : {
    "transaction" : "23 Get Stock Portfolio Request",
    "sampleCount" : 15000,
    "errorCount" : 7658,
    "errorPct" : 51.053333,
    "meanResTime" : 5238.947733333328,
    "medianResTime" : 2030.0,
    "minResTime" : 2.0,
    "maxResTime" : 80087.0,
    "pct1ResTime" : 12845.099999999997,
    "pct2ResTime" : 21911.449999999968,
    "pct3ResTime" : 60155.97,
    "throughput" : 102.3059767151597,
    "receivedKBytesPerSec" : 35.18661542629195,
    "sentKBytesPerSec" : 41.04309974960612
  },
  "16 Get Stock Prices Request" : {
    "transaction" : "16 Get Stock Prices Request",
    "sampleCount" : 15000,
    "errorCount" : 1289,
    "errorPct" : 8.593333,
    "meanResTime" : 20713.581999999937,
    "medianResTime" : 14700.0,
    "minResTime" : 20.0,
    "maxResTime" : 80349.0,
    "pct1ResTime" : 61235.0,
    "pct2ResTime" : 70097.39999999997,
    "pct3ResTime" : 80002.0,
    "throughput" : 97.47665434128525,
    "receivedKBytesPerSec" : 51.67500176676435,
    "sentKBytesPerSec" : 37.55151031952847
  },
  "14 Register Request" : {
    "transaction" : "14 Register Request",
    "sampleCount" : 15000,
    "errorCount" : 0,
    "errorPct" : 0.0,
    "meanResTime" : 5157.232866666677,
    "medianResTime" : 4593.5,
    "minResTime" : 10.0,
    "maxResTime" : 19682.0,
    "pct1ResTime" : 10521.0,
    "pct2ResTime" : 12105.899999999998,
    "pct3ResTime" : 14133.949999999999,
    "throughput" : 186.8972563482768,
    "receivedKBytesPerSec" : 52.38233649605024,
    "sentKBytesPerSec" : 50.74425991801441
  },
  "19 Place Stock Order Request" : {
    "transaction" : "19 Place Stock Order Request",
    "sampleCount" : 15000,
    "errorCount" : 0,
    "errorPct" : 0.0,
    "meanResTime" : 3328.319799999986,
    "medianResTime" : 2581.0,
    "minResTime" : 5.0,
    "maxResTime" : 17648.0,
    "pct1ResTime" : 7696.0,
    "pct2ResTime" : 9351.849999999997,
    "pct3ResTime" : 11951.939999999999,
    "throughput" : 87.28136019271724,
    "receivedKBytesPerSec" : 72.62081922284676,
    "sentKBytesPerSec" : 46.36822260238103
  },
  "Total" : {
    "transaction" : "Total",
    "sampleCount" : 150000,
    "errorCount" : 36830,
    "errorPct" : 24.553333,
    "meanResTime" : 10728.173800000033,
    "medianResTime" : 1025.0,
    "minResTime" : 1.0,
    "maxResTime" : 80349.0,
    "pct1ResTime" : 30540.200000000055,
    "pct2ResTime" : 60755.95,
    "pct3ResTime" : 62829.98,
    "throughput" : 814.8188386115487,
    "receivedKBytesPerSec" : 367.21663932213863,
    "sentKBytesPerSec" : 315.16031985034493
  },
  "20 Get Stock Transactions Request" : {
    "transaction" : "20 Get Stock Transactions Request",
    "sampleCount" : 15000,
    "errorCount" : 7123,
    "errorPct" : 47.486668,
    "meanResTime" : 14445.73573333334,
    "medianResTime" : 10085.0,
    "minResTime" : 3.0,
    "maxResTime" : 80309.0,
    "pct1ResTime" : 36968.6,
    "pct2ResTime" : 60126.19999999998,
    "pct3ResTime" : 74373.41999999998,
    "throughput" : 88.0281690140845,
    "receivedKBytesPerSec" : 54.794216961927816,
    "sentKBytesPerSec" : 35.33564178036972
  },
  "17 Add Money Request" : {
    "transaction" : "17 Add Money Request",
    "sampleCount" : 15000,
    "errorCount" : 2024,
    "errorPct" : 13.493333,
    "meanResTime" : 18235.190600000118,
    "medianResTime" : 12714.5,
    "minResTime" : 74.0,
    "maxResTime" : 80324.0,
    "pct1ResTime" : 43302.99999999999,
    "pct2ResTime" : 62502.7,
    "pct3ResTime" : 80001.0,
    "throughput" : 87.90951180917774,
    "receivedKBytesPerSec" : 29.158715129226984,
    "sentKBytesPerSec" : 37.676145250322335
  },
  "18 Get Wallet Balance Request" : {
    "transaction" : "18 Get Wallet Balance Request",
    "sampleCount" : 15000,
    "errorCount" : 3142,
    "errorPct" : 20.946667,
    "meanResTime" : 16112.016133333349,
    "medianResTime" : 11294.5,
    "minResTime" : 5.0,
    "maxResTime" : 80344.0,
    "pct1ResTime" : 38606.69999999998,
    "pct2ResTime" : 61411.799999999996,
    "pct3ResTime" : 80000.0,
    "throughput" : 87.00191404210892,
    "receivedKBytesPerSec" : 28.952056281175686,
    "sentKBytesPerSec" : 34.37725434647062
  },
  "22 Get Wallet Balance Request" : {
    "transaction" : "22 Get Wallet Balance Request",
    "sampleCount" : 15000,
    "errorCount" : 7553,
    "errorPct" : 50.353333,
    "meanResTime" : 7308.867333333355,
    "medianResTime" : 2535.0,
    "minResTime" : 2.0,
    "maxResTime" : 80346.0,
    "pct1ResTime" : 18497.9,
    "pct2ResTime" : 33210.7,
    "pct3ResTime" : 62265.11999999998,
    "throughput" : 95.9312364896842,
    "receivedKBytesPerSec" : 29.725449048122307,
    "sentKBytesPerSec" : 38.27937384482803
  },
  "15 Login Request" : {
    "transaction" : "15 Login Request",
    "sampleCount" : 15000,
    "errorCount" : 0,
    "errorPct" : 0.0,
    "meanResTime" : 5960.814133333323,
    "medianResTime" : 5086.0,
    "minResTime" : 17.0,
    "maxResTime" : 18222.0,
    "pct1ResTime" : 11566.299999999997,
    "pct2ResTime" : 13450.699999999993,
    "pct3ResTime" : 16823.989999999998,
    "throughput" : 175.43038922155688,
    "receivedKBytesPerSec" : 90.62761318183944,
    "sentKBytesPerSec" : 44.22956455253555
  },
  "21 Get Wallet Transactions Request" : {
    "transaction" : "21 Get Wallet Transactions Request",
    "sampleCount" : 15000,
    "errorCount" : 8041,
    "errorPct" : 53.606667,
    "meanResTime" : 10781.031666666624,
    "medianResTime" : 4702.5,
    "minResTime" : 1.0,
    "maxResTime" : 80323.0,
    "pct1ResTime" : 28239.299999999996,
    "pct2ResTime" : 43332.69999999997,
    "pct3ResTime" : 71157.85999999993,
    "throughput" : 90.68375551659513,
    "receivedKBytesPerSec" : 36.90554318624932,
    "sentKBytesPerSec" : 36.49200518786652
  }
}