{
  "23 Get Stock Portfolio Request" : {
    "transaction" : "23 Get Stock Portfolio Request",
    "sampleCount" : 17000,
    "errorCount" : 17000,
    "errorPct" : 100.0,
    "meanResTime" : 14521.610764705954,
    "medianResTime" : 19987.0,
    "minResTime" : 3.0,
    "maxResTime" : 28260.0,
    "pct1ResTime" : 20479.0,
    "pct2ResTime" : 22154.949999999997,
    "pct3ResTime" : 24921.960000000006,
    "throughput" : 66.58989243773846,
    "receivedKBytesPerSec" : 140.19255969955228,
    "sentKBytesPerSec" : 2.4740547295471105
  },
  "16 Get Stock Prices Request" : {
    "transaction" : "16 Get Stock Prices Request",
    "sampleCount" : 17000,
    "errorCount" : 17000,
    "errorPct" : 100.0,
    "meanResTime" : 16492.263058823537,
    "medianResTime" : 20004.0,
    "minResTime" : 14.0,
    "maxResTime" : 28281.0,
    "pct1ResTime" : 22048.9,
    "pct2ResTime" : 24274.899999999998,
    "pct3ResTime" : 27205.950000000008,
    "throughput" : 95.7638575935106,
    "receivedKBytesPerSec" : 213.06377890519377,
    "sentKBytesPerSec" : 6.084745732875168
  },
  "14 Register Request" : {
    "transaction" : "14 Register Request",
    "sampleCount" : 17000,
    "errorCount" : 11183,
    "errorPct" : 65.78236,
    "meanResTime" : 14741.175176470568,
    "medianResTime" : 19999.0,
    "minResTime" : 8.0,
    "maxResTime" : 25492.0,
    "pct1ResTime" : 20308.9,
    "pct2ResTime" : 23186.949999999997,
    "pct3ResTime" : 24934.950000000008,
    "throughput" : 132.6156486465403,
    "receivedKBytesPerSec" : 238.6710751009244,
    "sentKBytesPerSec" : 12.322826163799828
  },
  "19 Place Stock Order Request" : {
    "transaction" : "19 Place Stock Order Request",
    "sampleCount" : 17000,
    "errorCount" : 16000,
    "errorPct" : 94.117645,
    "meanResTime" : 17547.393823529426,
    "medianResTime" : 20005.0,
    "minResTime" : 26.0,
    "maxResTime" : 28283.0,
    "pct1ResTime" : 22679.9,
    "pct2ResTime" : 24425.949999999997,
    "pct3ResTime" : 27557.0,
    "throughput" : 71.15769382100073,
    "receivedKBytesPerSec" : 173.54331028076942,
    "sentKBytesPerSec" : 2.0963928085209247
  },
  "Total" : {
    "transaction" : "Total",
    "sampleCount" : 170000,
    "errorCount" : 156104,
    "errorPct" : 91.82588,
    "meanResTime" : 16478.877964705363,
    "medianResTime" : 19999.0,
    "minResTime" : 3.0,
    "maxResTime" : 28288.0,
    "pct1ResTime" : 20004.0,
    "pct2ResTime" : 20021.0,
    "pct3ResTime" : 20606.0,
    "throughput" : 615.3177935427827,
    "receivedKBytesPerSec" : 1390.1614155872214,
    "sentKBytesPerSec" : 24.52273282539453
  },
  "20 Get Stock Transactions Request" : {
    "transaction" : "20 Get Stock Transactions Request",
    "sampleCount" : 17000,
    "errorCount" : 17000,
    "errorPct" : 100.0,
    "meanResTime" : 17747.59817647064,
    "medianResTime" : 20001.0,
    "minResTime" : 17.0,
    "maxResTime" : 28096.0,
    "pct1ResTime" : 20899.9,
    "pct2ResTime" : 23841.949999999997,
    "pct3ResTime" : 26052.720000000045,
    "throughput" : 66.31506678317314,
    "receivedKBytesPerSec" : 165.7759033477406,
    "sentKBytesPerSec" : 0.6816570209126515
  },
  "17 Add Money Request" : {
    "transaction" : "17 Add Money Request",
    "sampleCount" : 17000,
    "errorCount" : 15289,
    "errorPct" : 89.935295,
    "meanResTime" : 17330.947647058932,
    "medianResTime" : 20005.0,
    "minResTime" : 17.0,
    "maxResTime" : 28288.0,
    "pct1ResTime" : 23177.0,
    "pct2ResTime" : 24736.0,
    "pct3ResTime" : 27486.99,
    "throughput" : 85.19253512939243,
    "receivedKBytesPerSec" : 197.36794608941207,
    "sentKBytesPerSec" : 3.7429170002330268
  },
  "18 Get Wallet Balance Request" : {
    "transaction" : "18 Get Wallet Balance Request",
    "sampleCount" : 17000,
    "errorCount" : 15904,
    "errorPct" : 93.55294,
    "meanResTime" : 17327.537705882427,
    "medianResTime" : 20003.0,
    "minResTime" : 36.0,
    "maxResTime" : 28279.0,
    "pct1ResTime" : 22513.8,
    "pct2ResTime" : 24436.949999999997,
    "pct3ResTime" : 27662.970000000005,
    "throughput" : 77.47875031333318,
    "receivedKBytesPerSec" : 185.3198597691589,
    "sentKBytesPerSec" : 1.9999914545495978
  },
  "22 Get Wallet Balance Request" : {
    "transaction" : "22 Get Wallet Balance Request",
    "sampleCount" : 17000,
    "errorCount" : 17000,
    "errorPct" : 100.0,
    "meanResTime" : 16566.655823529207,
    "medianResTime" : 20001.0,
    "minResTime" : 36.0,
    "maxResTime" : 28285.0,
    "pct1ResTime" : 20642.9,
    "pct2ResTime" : 22770.0,
    "pct3ResTime" : 26853.87000000018,
    "throughput" : 65.68499793285449,
    "receivedKBytesPerSec" : 151.44460735222808,
    "sentKBytesPerSec" : 1.4064845461553026
  },
  "15 Login Request" : {
    "transaction" : "15 Login Request",
    "sampleCount" : 17000,
    "errorCount" : 12728,
    "errorPct" : 74.87059,
    "meanResTime" : 14997.51599999999,
    "medianResTime" : 20001.0,
    "minResTime" : 9.0,
    "maxResTime" : 28263.0,
    "pct1ResTime" : 22349.0,
    "pct2ResTime" : 23197.0,
    "pct3ResTime" : 25232.950000000008,
    "throughput" : 108.00096565569292,
    "receivedKBytesPerSec" : 221.87774097119868,
    "sentKBytesPerSec" : 6.8444557287365155
  },
  "21 Get Wallet Transactions Request" : {
    "transaction" : "21 Get Wallet Transactions Request",
    "sampleCount" : 17000,
    "errorCount" : 17000,
    "errorPct" : 100.0,
    "meanResTime" : 17516.08147058824,
    "medianResTime" : 20001.0,
    "minResTime" : 32.0,
    "maxResTime" : 28273.0,
    "pct1ResTime" : 22850.0,
    "pct2ResTime" : 23828.899999999998,
    "pct3ResTime" : 26211.960000000006,
    "throughput" : 65.29521117239472,
    "receivedKBytesPerSec" : 160.32230118328366,
    "sentKBytesPerSec" : 0.695299476966154
  }
}