{
  "23 Get Stock Portfolio Request" : {
    "transaction" : "23 Get Stock Portfolio Request",
    "sampleCount" : 17000,
    "errorCount" : 10982,
    "errorPct" : 64.6,
    "meanResTime" : 11139.551941176462,
    "medianResTime" : 5490.5,
    "minResTime" : 1.0,
    "maxResTime" : 80153.0,
    "pct1ResTime" : 31314.799999999985,
    "pct2ResTime" : 40239.649999999994,
    "pct3ResTime" : 70987.69000000005,
    "throughput" : 69.20443396879287,
    "receivedKBytesPerSec" : 25.311322952159383,
    "sentKBytesPerSec" : 27.401723820115286
  },
  "16 Get Stock Prices Request" : {
    "transaction" : "16 Get Stock Prices Request",
    "sampleCount" : 17000,
    "errorCount" : 8720,
    "errorPct" : 51.294117,
    "meanResTime" : 19765.156470588256,
    "medianResTime" : 13880.5,
    "minResTime" : 40.0,
    "maxResTime" : 82211.0,
    "pct1ResTime" : 45610.9,
    "pct2ResTime" : 70573.94999999998,
    "pct3ResTime" : 80001.0,
    "throughput" : 77.61174950579577,
    "receivedKBytesPerSec" : 40.51762221853186,
    "sentKBytesPerSec" : 30.12074636965335
  },
  "14 Register Request" : {
    "transaction" : "14 Register Request",
    "sampleCount" : 17000,
    "errorCount" : 2000,
    "errorPct" : 11.764706,
    "meanResTime" : 9325.346235294135,
    "medianResTime" : 8017.0,
    "minResTime" : 4.0,
    "maxResTime" : 80184.0,
    "pct1ResTime" : 17109.699999999997,
    "pct2ResTime" : 20286.59999999999,
    "pct3ResTime" : 42904.600000000064,
    "throughput" : 108.57971347729726,
    "receivedKBytesPerSec" : 33.67520474461413,
    "sentKBytesPerSec" : 29.111557222706573
  },
  "19 Place Stock Order Request" : {
    "transaction" : "19 Place Stock Order Request",
    "sampleCount" : 17000,
    "errorCount" : 922,
    "errorPct" : 5.4235296,
    "meanResTime" : 10066.048588235259,
    "medianResTime" : 5077.5,
    "minResTime" : 4.0,
    "maxResTime" : 80190.0,
    "pct1ResTime" : 25375.9,
    "pct2ResTime" : 43120.59999999999,
    "pct3ResTime" : 80000.0,
    "throughput" : 68.75910046917974,
    "receivedKBytesPerSec" : 61.32988268610459,
    "sentKBytesPerSec" : 33.80488957465418
  },
  "Total" : {
    "transaction" : "Total",
    "sampleCount" : 170000,
    "errorCount" : 61858,
    "errorPct" : 36.38706,
    "meanResTime" : 15751.354858823606,
    "medianResTime" : 3826.5,
    "minResTime" : 1.0,
    "maxResTime" : 82479.0,
    "pct1ResTime" : 36479.9,
    "pct2ResTime" : 44125.200000000026,
    "pct3ResTime" : 72354.45000000024,
    "throughput" : 658.1876609172039,
    "receivedKBytesPerSec" : 314.7177158347368,
    "sentKBytesPerSec" : 247.89044200205197
  },
  "20 Get Stock Transactions Request" : {
    "transaction" : "20 Get Stock Transactions Request",
    "sampleCount" : 17000,
    "errorCount" : 11604,
    "errorPct" : 68.25883,
    "meanResTime" : 20056.586999999974,
    "medianResTime" : 15294.5,
    "minResTime" : 3.0,
    "maxResTime" : 82479.0,
    "pct1ResTime" : 42789.49999999999,
    "pct2ResTime" : 55036.54999999997,
    "pct3ResTime" : 80000.0,
    "throughput" : 68.91966399636752,
    "receivedKBytesPerSec" : 40.01908102342661,
    "sentKBytesPerSec" : 27.044083278518553
  },
  "17 Add Money Request" : {
    "transaction" : "17 Add Money Request",
    "sampleCount" : 17000,
    "errorCount" : 821,
    "errorPct" : 4.829412,
    "meanResTime" : 20777.40417647059,
    "medianResTime" : 15178.5,
    "minResTime" : 18.0,
    "maxResTime" : 82138.0,
    "pct1ResTime" : 46877.1,
    "pct2ResTime" : 66468.09999999998,
    "pct3ResTime" : 80001.0,
    "throughput" : 70.10135831690762,
    "receivedKBytesPerSec" : 25.00678704212473,
    "sentKBytesPerSec" : 29.568453332082505
  },
  "18 Get Wallet Balance Request" : {
    "transaction" : "18 Get Wallet Balance Request",
    "sampleCount" : 17000,
    "errorCount" : 3590,
    "errorPct" : 21.117647,
    "meanResTime" : 25158.614117647103,
    "medianResTime" : 17457.5,
    "minResTime" : 3.0,
    "maxResTime" : 81982.0,
    "pct1ResTime" : 59422.5,
    "pct2ResTime" : 77219.7,
    "pct3ResTime" : 80002.0,
    "throughput" : 68.61146537946176,
    "receivedKBytesPerSec" : 31.076335111009318,
    "sentKBytesPerSec" : 25.462212203911257
  },
  "22 Get Wallet Balance Request" : {
    "transaction" : "22 Get Wallet Balance Request",
    "sampleCount" : 17000,
    "errorCount" : 11561,
    "errorPct" : 68.00588,
    "meanResTime" : 14613.807235294176,
    "medianResTime" : 8976.0,
    "minResTime" : 1.0,
    "maxResTime" : 82413.0,
    "pct1ResTime" : 36876.0,
    "pct2ResTime" : 46062.54999999997,
    "pct3ResTime" : 80000.0,
    "throughput" : 69.16839248587134,
    "receivedKBytesPerSec" : 23.734211265445914,
    "sentKBytesPerSec" : 27.115515760984554
  },
  "15 Login Request" : {
    "transaction" : "15 Login Request",
    "sampleCount" : 17000,
    "errorCount" : 17,
    "errorPct" : 0.1,
    "meanResTime" : 8842.274235294135,
    "medianResTime" : 8335.0,
    "minResTime" : 9.0,
    "maxResTime" : 80000.0,
    "pct1ResTime" : 15998.0,
    "pct2ResTime" : 18110.949999999997,
    "pct3ResTime" : 22719.720000000045,
    "throughput" : 92.43450743282186,
    "receivedKBytesPerSec" : 47.893924775982256,
    "sentKBytesPerSec" : 23.282095546355908
  },
  "21 Get Wallet Transactions Request" : {
    "transaction" : "21 Get Wallet Transactions Request",
    "sampleCount" : 17000,
    "errorCount" : 11641,
    "errorPct" : 68.47647,
    "meanResTime" : 17768.758588235418,
    "medianResTime" : 12564.0,
    "minResTime" : 1.0,
    "maxResTime" : 82421.0,
    "pct1ResTime" : 41214.899999999994,
    "pct2ResTime" : 54075.74999999993,
    "pct3ResTime" : 80001.0,
    "throughput" : 69.01087124195212,
    "receivedKBytesPerSec" : 30.37088839825768,
    "sentKBytesPerSec" : 27.138739189142562
  }
}