{
  "23 Get Stock Portfolio Request" : {
    "transaction" : "23 Get Stock Portfolio Request",
    "sampleCount" : 12000,
    "errorCount" : 2920,
    "errorPct" : 24.333334,
    "meanResTime" : 5840.31508333332,
    "medianResTime" : 777.0,
    "minResTime" : 0.0,
    "maxResTime" : 80016.0,
    "pct1ResTime" : 15518.9,
    "pct2ResTime" : 21491.54999999999,
    "pct3ResTime" : 36747.36999999999,
    "throughput" : 90.09009009009009,
    "receivedKBytesPerSec" : 32.70467488973349,
    "sentKBytesPerSec" : 36.117020340653156
  },
  "16 Get Stock Prices Request" : {
    "transaction" : "16 Get Stock Prices Request",
    "sampleCount" : 12000,
    "errorCount" : 275,
    "errorPct" : 2.2916667,
    "meanResTime" : 15159.356250000044,
    "medianResTime" : 10271.0,
    "minResTime" : 34.0,
    "maxResTime" : 80085.0,
    "pct1ResTime" : 32361.99999999998,
    "pct2ResTime" : 65158.04999999996,
    "pct3ResTime" : 80001.0,
    "throughput" : 88.99304371041664,
    "receivedKBytesPerSec" : 45.171574069095676,
    "sentKBytesPerSec" : 34.78741554930956
  },
  "14 Register Request" : {
    "transaction" : "14 Register Request",
    "sampleCount" : 12000,
    "errorCount" : 0,
    "errorPct" : 0.0,
    "meanResTime" : 7984.564666666665,
    "medianResTime" : 7226.0,
    "minResTime" : 8.0,
    "maxResTime" : 40220.0,
    "pct1ResTime" : 16014.9,
    "pct2ResTime" : 18766.85,
    "pct3ResTime" : 24016.89,
    "throughput" : 167.80869808418402,
    "receivedKBytesPerSec" : 47.03232065445392,
    "sentKBytesPerSec" : 45.55883246224304
  },
  "19 Place Stock Order Request" : {
    "transaction" : "19 Place Stock Order Request",
    "sampleCount" : 12000,
    "errorCount" : 0,
    "errorPct" : 0.0,
    "meanResTime" : 1449.1385833333343,
    "medianResTime" : 620.0,
    "minResTime" : 4.0,
    "maxResTime" : 13795.0,
    "pct1ResTime" : 4077.7999999999993,
    "pct2ResTime" : 5416.949999999999,
    "pct3ResTime" : 7959.949999999999,
    "throughput" : 80.01546965746711,
    "receivedKBytesPerSec" : 66.57537123843943,
    "sentKBytesPerSec" : 42.5082182555294
  },
  "Total" : {
    "transaction" : "Total",
    "sampleCount" : 120000,
    "errorCount" : 13805,
    "errorPct" : 11.504167,
    "meanResTime" : 9112.568691666822,
    "medianResTime" : 58.5,
    "minResTime" : 0.0,
    "maxResTime" : 80122.0,
    "pct1ResTime" : 28362.100000000028,
    "pct2ResTime" : 37192.70000000002,
    "pct3ResTime" : 80001.0,
    "throughput" : 736.2189024203196,
    "receivedKBytesPerSec" : 338.05176874674066,
    "sentKBytesPerSec" : 285.9790860628393
  },
  "20 Get Stock Transactions Request" : {
    "transaction" : "20 Get Stock Transactions Request",
    "sampleCount" : 12000,
    "errorCount" : 3179,
    "errorPct" : 26.491667,
    "meanResTime" : 10053.5666666667,
    "medianResTime" : 8432.0,
    "minResTime" : 1.0,
    "maxResTime" : 80122.0,
    "pct1ResTime" : 17236.899999999994,
    "pct2ResTime" : 26355.899999999932,
    "pct3ResTime" : 63309.93,
    "throughput" : 80.16353360856147,
    "receivedKBytesPerSec" : 58.30161759155344,
    "sentKBytesPerSec" : 32.326140639404386
  },
  "17 Add Money Request" : {
    "transaction" : "17 Add Money Request",
    "sampleCount" : 12000,
    "errorCount" : 458,
    "errorPct" : 3.8166666,
    "meanResTime" : 13713.636666666634,
    "medianResTime" : 9201.0,
    "minResTime" : 3.0,
    "maxResTime" : 80010.0,
    "pct1ResTime" : 26458.59999999999,
    "pct2ResTime" : 60037.0,
    "pct3ResTime" : 79264.95999999998,
    "throughput" : 82.81230590865803,
    "receivedKBytesPerSec" : 25.621135425724262,
    "sentKBytesPerSec" : 35.81211699308517
  },
  "18 Get Wallet Balance Request" : {
    "transaction" : "18 Get Wallet Balance Request",
    "sampleCount" : 12000,
    "errorCount" : 756,
    "errorPct" : 6.3,
    "meanResTime" : 11574.866749999941,
    "medianResTime" : 8865.0,
    "minResTime" : 0.0,
    "maxResTime" : 80010.0,
    "pct1ResTime" : 18674.799999999996,
    "pct2ResTime" : 35771.299999999945,
    "pct3ResTime" : 69910.62999999998,
    "throughput" : 79.3729536660383,
    "receivedKBytesPerSec" : 24.847590751810696,
    "sentKBytesPerSec" : 31.626582291563317
  },
  "22 Get Wallet Balance Request" : {
    "transaction" : "22 Get Wallet Balance Request",
    "sampleCount" : 12000,
    "errorCount" : 2679,
    "errorPct" : 22.325,
    "meanResTime" : 7974.672583333312,
    "medianResTime" : 6229.5,
    "minResTime" : 0.0,
    "maxResTime" : 80005.0,
    "pct1ResTime" : 18133.399999999998,
    "pct2ResTime" : 25238.54999999999,
    "pct3ResTime" : 60650.18999999996,
    "throughput" : 85.72408275231454,
    "receivedKBytesPerSec" : 26.323704572933334,
    "sentKBytesPerSec" : 34.24017153299663
  },
  "15 Login Request" : {
    "transaction" : "15 Login Request",
    "sampleCount" : 12000,
    "errorCount" : 0,
    "errorPct" : 0.0,
    "meanResTime" : 7894.9349166666625,
    "medianResTime" : 7293.5,
    "minResTime" : 7.0,
    "maxResTime" : 41779.0,
    "pct1ResTime" : 15530.0,
    "pct2ResTime" : 18032.899999999998,
    "pct3ResTime" : 22289.709999999992,
    "throughput" : 169.75286811616755,
    "receivedKBytesPerSec" : 87.69459690766858,
    "sentKBytesPerSec" : 42.79729794545982
  },
  "21 Get Wallet Transactions Request" : {
    "transaction" : "21 Get Wallet Transactions Request",
    "sampleCount" : 12000,
    "errorCount" : 3538,
    "errorPct" : 29.483334,
    "meanResTime" : 9480.634750000025,
    "medianResTime" : 7742.0,
    "minResTime" : 0.0,
    "maxResTime" : 80005.0,
    "pct1ResTime" : 18768.0,
    "pct2ResTime" : 28980.599999999926,
    "pct3ResTime" : 62104.379999999874,
    "throughput" : 82.75747920718335,
    "receivedKBytesPerSec" : 36.03430227471,
    "sentKBytesPerSec" : 33.449969655590955
  }
}