{
  "23 Get Stock Portfolio Request" : {
    "transaction" : "23 Get Stock Portfolio Request",
    "sampleCount" : 17000,
    "errorCount" : 16130,
    "errorPct" : 94.882355,
    "meanResTime" : 8068.488117647115,
    "medianResTime" : 1.0,
    "minResTime" : 0.0,
    "maxResTime" : 306428.0,
    "pct1ResTime" : 168.39999999999782,
    "pct2ResTime" : 60409.84999999978,
    "pct3ResTime" : 292019.44000000006,
    "throughput" : 31.879981247069853,
    "receivedKBytesPerSec" : 74.29579817158931,
    "sentKBytesPerSec" : 0.678165655766526
  },
  "16 Get Stock Prices Request" : {
    "transaction" : "16 Get Stock Prices Request",
    "sampleCount" : 17000,
    "errorCount" : 961,
    "errorPct" : 5.652941,
    "meanResTime" : 44747.41682352949,
    "medianResTime" : 24884.0,
    "minResTime" : 0.0,
    "maxResTime" : 305935.0,
    "pct1ResTime" : 103833.19999999998,
    "pct2ResTime" : 124274.0,
    "pct3ResTime" : 296059.0,
    "throughput" : 31.70571131763341,
    "receivedKBytesPerSec" : 15.179774078739268,
    "sentKBytesPerSec" : 12.292763981519299
  },
  "14 Register Request" : {
    "transaction" : "14 Register Request",
    "sampleCount" : 17000,
    "errorCount" : 14,
    "errorPct" : 0.08235294,
    "meanResTime" : 14458.87923529407,
    "medianResTime" : 13356.0,
    "minResTime" : 7.0,
    "maxResTime" : 177532.0,
    "pct1ResTime" : 27609.9,
    "pct2ResTime" : 31166.749999999993,
    "pct3ResTime" : 41796.52000000008,
    "throughput" : 78.86179238937315,
    "receivedKBytesPerSec" : 20.25022962698372,
    "sentKBytesPerSec" : 21.410550794532558
  },
  "19 Place Stock Order Request" : {
    "transaction" : "19 Place Stock Order Request",
    "sampleCount" : 17000,
    "errorCount" : 11395,
    "errorPct" : 67.02941,
    "meanResTime" : 36323.11076470603,
    "medianResTime" : 241.0,
    "minResTime" : 0.0,
    "maxResTime" : 308735.0,
    "pct1ResTime" : 120969.7,
    "pct2ResTime" : 235413.69999999908,
    "pct3ResTime" : 299708.98,
    "throughput" : 31.01561545015517,
    "receivedKBytesPerSec" : 54.870105148637776,
    "sentKBytesPerSec" : 5.451963653347589
  },
  "Total" : {
    "transaction" : "Total",
    "sampleCount" : 170000,
    "errorCount" : 85606,
    "errorPct" : 50.356472,
    "meanResTime" : 32444.957505881936,
    "medianResTime" : 0.0,
    "minResTime" : 0.0,
    "maxResTime" : 310299.0,
    "pct1ResTime" : 3.0,
    "pct2ResTime" : 11.0,
    "pct3ResTime" : 272.0,
    "throughput" : 303.8628113029816,
    "receivedKBytesPerSec" : 414.3532852597044,
    "sentKBytesPerSec" : 55.542981687908764
  },
  "20 Get Stock Transactions Request" : {
    "transaction" : "20 Get Stock Transactions Request",
    "sampleCount" : 17000,
    "errorCount" : 14195,
    "errorPct" : 83.5,
    "meanResTime" : 27152.941941176534,
    "medianResTime" : 4.0,
    "minResTime" : 0.0,
    "maxResTime" : 302138.0,
    "pct1ResTime" : 107944.09999999999,
    "pct2ResTime" : 222669.4,
    "pct3ResTime" : 296367.82,
    "throughput" : 31.055560224038466,
    "receivedKBytesPerSec" : 65.16609344229877,
    "sentKBytesPerSec" : 2.2866083400620383
  },
  "17 Add Money Request" : {
    "transaction" : "17 Add Money Request",
    "sampleCount" : 17000,
    "errorCount" : 3831,
    "errorPct" : 22.535294,
    "meanResTime" : 71143.50764705885,
    "medianResTime" : 43370.0,
    "minResTime" : 0.0,
    "maxResTime" : 310299.0,
    "pct1ResTime" : 148382.09999999998,
    "pct2ResTime" : 293358.5999999999,
    "pct3ResTime" : 300363.84,
    "throughput" : 31.01742631992833,
    "receivedKBytesPerSec" : 19.57442815326349,
    "sentKBytesPerSec" : 10.764167679864583
  },
  "18 Get Wallet Balance Request" : {
    "transaction" : "18 Get Wallet Balance Request",
    "sampleCount" : 17000,
    "errorCount" : 8672,
    "errorPct" : 51.011765,
    "meanResTime" : 83388.85682352936,
    "medianResTime" : 34932.5,
    "minResTime" : 0.0,
    "maxResTime" : 306580.0,
    "pct1ResTime" : 294153.8,
    "pct2ResTime" : 297228.9,
    "pct3ResTime" : 300791.95,
    "throughput" : 31.023879262361646,
    "receivedKBytesPerSec" : 36.7722968449171,
    "sentKBytesPerSec" : 6.363548681257014
  },
  "22 Get Wallet Balance Request" : {
    "transaction" : "22 Get Wallet Balance Request",
    "sampleCount" : 17000,
    "errorCount" : 15525,
    "errorPct" : 91.32353,
    "meanResTime" : 12291.190941176537,
    "medianResTime" : 1.0,
    "minResTime" : 0.0,
    "maxResTime" : 306647.0,
    "pct1ResTime" : 22744.399999999998,
    "pct2ResTime" : 97806.14999999998,
    "pct3ResTime" : 293785.62000000005,
    "throughput" : 31.48136488383376,
    "receivedKBytesPerSec" : 70.5514567249288,
    "sentKBytesPerSec" : 1.1440749004170356
  },
  "15 Login Request" : {
    "transaction" : "15 Login Request",
    "sampleCount" : 17000,
    "errorCount" : 14,
    "errorPct" : 0.08235294,
    "meanResTime" : 14059.194235294124,
    "medianResTime" : 10075.0,
    "minResTime" : 24.0,
    "maxResTime" : 297849.0,
    "pct1ResTime" : 23798.8,
    "pct2ResTime" : 33226.14999999985,
    "pct3ResTime" : 93076.02000000063,
    "throughput" : 32.59289934929235,
    "receivedKBytesPerSec" : 16.07954812341589,
    "sentKBytesPerSec" : 8.215221144619488
  },
  "21 Get Wallet Transactions Request" : {
    "transaction" : "21 Get Wallet Transactions Request",
    "sampleCount" : 17000,
    "errorCount" : 14869,
    "errorPct" : 87.46471,
    "meanResTime" : 12815.988529411736,
    "medianResTime" : 2.0,
    "minResTime" : 0.0,
    "maxResTime" : 303202.0,
    "pct1ResTime" : 31815.299999999996,
    "pct2ResTime" : 101688.49999999994,
    "pct3ResTime" : 233311.0400000011,
    "throughput" : 31.18344855923296,
    "receivedKBytesPerSec" : 67.10390442571094,
    "sentKBytesPerSec" : 1.7915973159763814
  }
}