{
  "23 Get Stock Portfolio Request" : {
    "transaction" : "23 Get Stock Portfolio Request",
    "sampleCount" : 1000,
    "errorCount" : 0,
    "errorPct" : 0.0,
    "meanResTime" : 6.083999999999999,
    "medianResTime" : 6.0,
    "minResTime" : 3.0,
    "maxResTime" : 19.0,
    "pct1ResTime" : 9.0,
    "pct2ResTime" : 10.0,
    "pct3ResTime" : 13.0,
    "throughput" : 22.42705600035883,
    "receivedKBytesPerSec" : 8.453948843885263,
    "sentKBytesPerSec" : 8.977852756565522
  },
  "16 Get Stock Prices Request" : {
    "transaction" : "16 Get Stock Prices Request",
    "sampleCount" : 1000,
    "errorCount" : 0,
    "errorPct" : 0.0,
    "meanResTime" : 5.9739999999999975,
    "medianResTime" : 5.0,
    "minResTime" : 2.0,
    "maxResTime" : 26.0,
    "pct1ResTime" : 9.0,
    "pct2ResTime" : 10.0,
    "pct3ResTime" : 20.99000000000001,
    "throughput" : 22.405449005198065,
    "receivedKBytesPerSec" : 10.480673899892455,
    "sentKBytesPerSec" : 8.903562221332228
  },
  "14 Register Request" : {
    "transaction" : "14 Register Request",
    "sampleCount" : 1000,
    "errorCount" : 0,
    "errorPct" : 0.0,
    "meanResTime" : 6.754000000000003,
    "medianResTime" : 6.0,
    "minResTime" : 3.0,
    "maxResTime" : 62.0,
    "pct1ResTime" : 9.0,
    "pct2ResTime" : 11.0,
    "pct3ResTime" : 23.0,
    "throughput" : 22.348865795060902,
    "receivedKBytesPerSec" : 6.2637934406078895,
    "sentKBytesPerSec" : 6.148797177058889
  },
  "19 Place Stock Order Request" : {
    "transaction" : "19 Place Stock Order Request",
    "sampleCount" : 1000,
    "errorCount" : 0,
    "errorPct" : 0.0,
    "meanResTime" : 8.341000000000006,
    "medianResTime" : 8.0,
    "minResTime" : 4.0,
    "maxResTime" : 40.0,
    "pct1ResTime" : 12.0,
    "pct2ResTime" : 13.0,
    "pct3ResTime" : 21.0,
    "throughput" : 22.420519259226044,
    "receivedKBytesPerSec" : 18.630947918535046,
    "sentKBytesPerSec" : 11.88727611009596
  },
  "Total" : {
    "transaction" : "Total",
    "sampleCount" : 10000,
    "errorCount" : 0,
    "errorPct" : 0.0,
    "meanResTime" : 5.965599999999998,
    "medianResTime" : 5.0,
    "minResTime" : 2.0,
    "maxResTime" : 62.0,
    "pct1ResTime" : 9.0,
    "pct2ResTime" : 10.0,
    "pct3ResTime" : 15.0,
    "throughput" : 171.52658662092622,
    "receivedKBytesPerSec" : 80.34497949721269,
    "sentKBytesPerSec" : 66.77508241316467
  },
  "20 Get Stock Transactions Request" : {
    "transaction" : "20 Get Stock Transactions Request",
    "sampleCount" : 1000,
    "errorCount" : 0,
    "errorPct" : 0.0,
    "meanResTime" : 6.319000000000006,
    "medianResTime" : 6.0,
    "minResTime" : 3.0,
    "maxResTime" : 25.0,
    "pct1ResTime" : 9.0,
    "pct2ResTime" : 10.0,
    "pct3ResTime" : 12.0,
    "throughput" : 22.425044289462473,
    "receivedKBytesPerSec" : 19.35739020838472,
    "sentKBytesPerSec" : 9.042745813524544
  },
  "17 Add Money Request" : {
    "transaction" : "17 Add Money Request",
    "sampleCount" : 1000,
    "errorCount" : 0,
    "errorPct" : 0.0,
    "meanResTime" : 5.580000000000006,
    "medianResTime" : 5.0,
    "minResTime" : 2.0,
    "maxResTime" : 24.0,
    "pct1ResTime" : 8.0,
    "pct2ResTime" : 10.0,
    "pct3ResTime" : 19.99000000000001,
    "throughput" : 22.4149911460785,
    "receivedKBytesPerSec" : 6.4355540985811315,
    "sentKBytesPerSec" : 9.761050065283662
  },
  "18 Get Wallet Balance Request" : {
    "transaction" : "18 Get Wallet Balance Request",
    "sampleCount" : 1000,
    "errorCount" : 0,
    "errorPct" : 0.0,
    "meanResTime" : 4.952999999999998,
    "medianResTime" : 4.0,
    "minResTime" : 2.0,
    "maxResTime" : 17.0,
    "pct1ResTime" : 7.0,
    "pct2ResTime" : 9.0,
    "pct3ResTime" : 12.0,
    "throughput" : 22.42303293943539,
    "receivedKBytesPerSec" : 6.766325369419468,
    "sentKBytesPerSec" : 8.954344777955916
  },
  "22 Get Wallet Balance Request" : {
    "transaction" : "22 Get Wallet Balance Request",
    "sampleCount" : 1000,
    "errorCount" : 0,
    "errorPct" : 0.0,
    "meanResTime" : 4.952000000000001,
    "medianResTime" : 4.0,
    "minResTime" : 2.0,
    "maxResTime" : 19.0,
    "pct1ResTime" : 7.0,
    "pct2ResTime" : 8.0,
    "pct3ResTime" : 11.0,
    "throughput" : 22.42755898448013,
    "receivedKBytesPerSec" : 6.745789225800664,
    "sentKBytesPerSec" : 8.95615219481699
  },
  "15 Login Request" : {
    "transaction" : "15 Login Request",
    "sampleCount" : 1000,
    "errorCount" : 0,
    "errorPct" : 0.0,
    "meanResTime" : 5.787000000000009,
    "medianResTime" : 5.0,
    "minResTime" : 3.0,
    "maxResTime" : 24.0,
    "pct1ResTime" : 8.0,
    "pct2ResTime" : 10.0,
    "pct3ResTime" : 15.990000000000009,
    "throughput" : 22.39942657467969,
    "receivedKBytesPerSec" : 11.542901376724757,
    "sentKBytesPerSec" : 5.563107584445838
  },
  "21 Get Wallet Transactions Request" : {
    "transaction" : "21 Get Wallet Transactions Request",
    "sampleCount" : 1000,
    "errorCount" : 0,
    "errorPct" : 0.0,
    "meanResTime" : 4.912000000000002,
    "medianResTime" : 4.0,
    "minResTime" : 2.0,
    "maxResTime" : 19.0,
    "pct1ResTime" : 7.0,
    "pct2ResTime" : 8.0,
    "pct3ResTime" : 11.0,
    "throughput" : 22.428565020409994,
    "receivedKBytesPerSec" : 10.316263793567488,
    "sentKBytesPerSec" : 9.06606841973938
  }
}