{
  "23 Get Stock Portfolio Request" : {
    "transaction" : "23 Get Stock Portfolio Request",
    "sampleCount" : 15000,
    "errorCount" : 10985,
    "errorPct" : 73.23333,
    "meanResTime" : 6089.888400000017,
    "medianResTime" : 1951.0,
    "minResTime" : 2.0,
    "maxResTime" : 80194.0,
    "pct1ResTime" : 17376.6,
    "pct2ResTime" : 26722.549999999967,
    "pct3ResTime" : 57707.65999999999,
    "throughput" : 87.51356460251338,
    "receivedKBytesPerSec" : 29.20107727374827,
    "sentKBytesPerSec" : 35.05013980291945
  },
  "16 Get Stock Prices Request" : {
    "transaction" : "16 Get Stock Prices Request",
    "sampleCount" : 15000,
    "errorCount" : 8367,
    "errorPct" : 55.78,
    "meanResTime" : 21503.87619999998,
    "medianResTime" : 13995.0,
    "minResTime" : 30.0,
    "maxResTime" : 80237.0,
    "pct1ResTime" : 61553.399999999994,
    "pct2ResTime" : 65107.54999999999,
    "pct3ResTime" : 80001.0,
    "throughput" : 101.15451014242555,
    "receivedKBytesPerSec" : 50.95134894807739,
    "sentKBytesPerSec" : 39.35526854836534
  },
  "14 Register Request" : {
    "transaction" : "14 Register Request",
    "sampleCount" : 15000,
    "errorCount" : 0,
    "errorPct" : 0.0,
    "meanResTime" : 6675.555466666679,
    "medianResTime" : 6356.0,
    "minResTime" : 6.0,
    "maxResTime" : 32235.0,
    "pct1ResTime" : 12918.0,
    "pct2ResTime" : 14117.949999999999,
    "pct3ResTime" : 16488.98,
    "throughput" : 206.5688907250568,
    "receivedKBytesPerSec" : 57.89577308407354,
    "sentKBytesPerSec" : 56.08528282723955
  },
  "19 Place Stock Order Request" : {
    "transaction" : "19 Place Stock Order Request",
    "sampleCount" : 15000,
    "errorCount" : 0,
    "errorPct" : 0.0,
    "meanResTime" : 2750.804533333339,
    "medianResTime" : 1702.0,
    "minResTime" : 4.0,
    "maxResTime" : 15838.0,
    "pct1ResTime" : 6781.399999999998,
    "pct2ResTime" : 8728.949999999999,
    "pct3ResTime" : 14336.889999999998,
    "throughput" : 83.4144306965105,
    "receivedKBytesPerSec" : 68.4666298832198,
    "sentKBytesPerSec" : 43.33640344779647
  },
  "Total" : {
    "transaction" : "Total",
    "sampleCount" : 150000,
    "errorCount" : 58472,
    "errorPct" : 38.981335,
    "meanResTime" : 10297.47430666676,
    "medianResTime" : 1652.0,
    "minResTime" : 2.0,
    "maxResTime" : 80237.0,
    "pct1ResTime" : 27038.30000000001,
    "pct2ResTime" : 37723.9,
    "pct3ResTime" : 57707.98,
    "throughput" : 789.1206565483863,
    "receivedKBytesPerSec" : 334.60805774390406,
    "sentKBytesPerSec" : 305.33864270425073
  },
  "20 Get Stock Transactions Request" : {
    "transaction" : "20 Get Stock Transactions Request",
    "sampleCount" : 15000,
    "errorCount" : 10792,
    "errorPct" : 71.94666,
    "meanResTime" : 11916.31420000006,
    "medianResTime" : 8490.0,
    "minResTime" : 3.0,
    "maxResTime" : 80210.0,
    "pct1ResTime" : 26312.6,
    "pct2ResTime" : 36475.0,
    "pct3ResTime" : 63354.99,
    "throughput" : 83.8494734253069,
    "receivedKBytesPerSec" : 40.433406136803214,
    "sentKBytesPerSec" : 33.80515985203363
  },
  "17 Add Money Request" : {
    "transaction" : "17 Add Money Request",
    "sampleCount" : 15000,
    "errorCount" : 2577,
    "errorPct" : 17.18,
    "meanResTime" : 16546.112866666692,
    "medianResTime" : 10339.5,
    "minResTime" : 12.0,
    "maxResTime" : 80234.0,
    "pct1ResTime" : 44223.1,
    "pct2ResTime" : 61949.85,
    "pct3ResTime" : 80000.0,
    "throughput" : 86.34783209376224,
    "receivedKBytesPerSec" : 27.352615268959106,
    "sentKBytesPerSec" : 37.26315396789875
  },
  "18 Get Wallet Balance Request" : {
    "transaction" : "18 Get Wallet Balance Request",
    "sampleCount" : 15000,
    "errorCount" : 3562,
    "errorPct" : 23.746666,
    "meanResTime" : 12831.269333333361,
    "medianResTime" : 8460.5,
    "minResTime" : 2.0,
    "maxResTime" : 80190.0,
    "pct1ResTime" : 27741.8,
    "pct2ResTime" : 44697.74999999999,
    "pct3ResTime" : 74732.27999999998,
    "throughput" : 83.38475393159115,
    "receivedKBytesPerSec" : 26.557843265499834,
    "sentKBytesPerSec" : 33.15499419086214
  },
  "22 Get Wallet Balance Request" : {
    "transaction" : "22 Get Wallet Balance Request",
    "sampleCount" : 15000,
    "errorCount" : 10918,
    "errorPct" : 72.78667,
    "meanResTime" : 7763.290933333312,
    "medianResTime" : 3331.0,
    "minResTime" : 2.0,
    "maxResTime" : 80206.0,
    "pct1ResTime" : 21610.599999999977,
    "pct2ResTime" : 32197.69999999995,
    "pct3ResTime" : 60156.869999999995,
    "throughput" : 86.75685523751135,
    "receivedKBytesPerSec" : 26.54138464663933,
    "sentKBytesPerSec" : 34.678737105762394
  },
  "15 Login Request" : {
    "transaction" : "15 Login Request",
    "sampleCount" : 15000,
    "errorCount" : 0,
    "errorPct" : 0.0,
    "meanResTime" : 7045.4170666667,
    "medianResTime" : 6686.5,
    "minResTime" : 13.0,
    "maxResTime" : 37236.0,
    "pct1ResTime" : 13502.8,
    "pct2ResTime" : 15090.949999999999,
    "pct3ResTime" : 17997.85,
    "throughput" : 205.08894023708282,
    "receivedKBytesPerSec" : 105.94926697794611,
    "sentKBytesPerSec" : 51.70708770286715
  },
  "21 Get Wallet Transactions Request" : {
    "transaction" : "21 Get Wallet Transactions Request",
    "sampleCount" : 15000,
    "errorCount" : 11271,
    "errorPct" : 75.14,
    "meanResTime" : 9852.214066666655,
    "medianResTime" : 5342.0,
    "minResTime" : 2.0,
    "maxResTime" : 80195.0,
    "pct1ResTime" : 25420.29999999999,
    "pct2ResTime" : 36684.09999999998,
    "pct3ResTime" : 61906.97,
    "throughput" : 85.47885253188362,
    "receivedKBytesPerSec" : 30.926532662538037,
    "sentKBytesPerSec" : 34.58226173126019
  }
}