{
  "23 Get Stock Portfolio Request" : {
    "transaction" : "23 Get Stock Portfolio Request",
    "sampleCount" : 12000,
    "errorCount" : 803,
    "errorPct" : 6.6916666,
    "meanResTime" : 7351.400083333347,
    "medianResTime" : 5791.5,
    "minResTime" : 2.0,
    "maxResTime" : 56358.0,
    "pct1ResTime" : 14658.699999999999,
    "pct2ResTime" : 18856.299999999985,
    "pct3ResTime" : 43845.93,
    "throughput" : 78.7773751378604,
    "receivedKBytesPerSec" : 27.45687066929586,
    "sentKBytesPerSec" : 31.618653497715457
  },
  "16 Get Stock Prices Request" : {
    "transaction" : "16 Get Stock Prices Request",
    "sampleCount" : 12000,
    "errorCount" : 727,
    "errorPct" : 6.0583334,
    "meanResTime" : 14697.376750000032,
    "medianResTime" : 11263.0,
    "minResTime" : 62.0,
    "maxResTime" : 58088.0,
    "pct1ResTime" : 36224.89999999996,
    "pct2ResTime" : 50995.95,
    "pct3ResTime" : 54910.979999999996,
    "throughput" : 102.0416840279254,
    "receivedKBytesPerSec" : 43.77113246073521,
    "sentKBytesPerSec" : 40.65723347987653
  },
  "14 Register Request" : {
    "transaction" : "14 Register Request",
    "sampleCount" : 12000,
    "errorCount" : 0,
    "errorPct" : 0.0,
    "meanResTime" : 8648.914083333379,
    "medianResTime" : 8413.0,
    "minResTime" : 6.0,
    "maxResTime" : 35617.0,
    "pct1ResTime" : 15813.8,
    "pct2ResTime" : 18033.749999999993,
    "pct3ResTime" : 22920.719999999994,
    "throughput" : 183.82916143264194,
    "receivedKBytesPerSec" : 47.21393501639143,
    "sentKBytesPerSec" : 49.908270923971315
  },
  "19 Place Stock Order Request" : {
    "transaction" : "19 Place Stock Order Request",
    "sampleCount" : 12000,
    "errorCount" : 0,
    "errorPct" : 0.0,
    "meanResTime" : 2357.902083333334,
    "medianResTime" : 1367.0,
    "minResTime" : 4.0,
    "maxResTime" : 17879.0,
    "pct1ResTime" : 5883.799999999999,
    "pct2ResTime" : 8166.599999999991,
    "pct3ResTime" : 12010.98,
    "throughput" : 74.49390701918838,
    "receivedKBytesPerSec" : 60.23530762879687,
    "sentKBytesPerSec" : 39.574888103943834
  },
  "Total" : {
    "transaction" : "Total",
    "sampleCount" : 120000,
    "errorCount" : 8447,
    "errorPct" : 7.0391665,
    "meanResTime" : 10080.869058333381,
    "medianResTime" : 4015.5,
    "minResTime" : 2.0,
    "maxResTime" : 62059.0,
    "pct1ResTime" : 12522.800000000003,
    "pct2ResTime" : 23193.95,
    "pct3ResTime" : 48465.61000000022,
    "throughput" : 699.765578531192,
    "receivedKBytesPerSec" : 301.5080996043409,
    "sentKBytesPerSec" : 273.01617711321916
  },
  "20 Get Stock Transactions Request" : {
    "transaction" : "20 Get Stock Transactions Request",
    "sampleCount" : 12000,
    "errorCount" : 2261,
    "errorPct" : 18.841667,
    "meanResTime" : 12394.934166666679,
    "medianResTime" : 10823.0,
    "minResTime" : 4.0,
    "maxResTime" : 60290.0,
    "pct1ResTime" : 19670.999999999996,
    "pct2ResTime" : 27724.599999999926,
    "pct3ResTime" : 51718.0,
    "throughput" : 74.53601331710105,
    "receivedKBytesPerSec" : 55.00329540407836,
    "sentKBytesPerSec" : 30.134677259062336
  },
  "17 Add Money Request" : {
    "transaction" : "17 Add Money Request",
    "sampleCount" : 12000,
    "errorCount" : 570,
    "errorPct" : 4.75,
    "meanResTime" : 14213.406249999975,
    "medianResTime" : 11098.5,
    "minResTime" : 47.0,
    "maxResTime" : 61998.0,
    "pct1ResTime" : 28495.199999999997,
    "pct2ResTime" : 49864.14999999989,
    "pct3ResTime" : 54757.0,
    "throughput" : 74.13585395236771,
    "receivedKBytesPerSec" : 19.30910789855744,
    "sentKBytesPerSec" : 32.36203780928551
  },
  "18 Get Wallet Balance Request" : {
    "transaction" : "18 Get Wallet Balance Request",
    "sampleCount" : 12000,
    "errorCount" : 749,
    "errorPct" : 6.241667,
    "meanResTime" : 13432.695750000055,
    "medianResTime" : 11079.0,
    "minResTime" : 2.0,
    "maxResTime" : 61868.0,
    "pct1ResTime" : 21613.5,
    "pct2ResTime" : 39573.69999999997,
    "pct3ResTime" : 52989.70999999999,
    "throughput" : 74.30616617335627,
    "receivedKBytesPerSec" : 20.493783341021956,
    "sentKBytesPerSec" : 29.75149231550398
  },
  "22 Get Wallet Balance Request" : {
    "transaction" : "22 Get Wallet Balance Request",
    "sampleCount" : 12000,
    "errorCount" : 901,
    "errorPct" : 7.508333,
    "meanResTime" : 9236.89916666665,
    "medianResTime" : 7842.0,
    "minResTime" : 2.0,
    "maxResTime" : 56714.0,
    "pct1ResTime" : 16849.9,
    "pct2ResTime" : 20982.09999999998,
    "pct3ResTime" : 49972.92,
    "throughput" : 76.82704311917796,
    "receivedKBytesPerSec" : 21.23806955048177,
    "sentKBytesPerSec" : 30.76082781138961
  },
  "15 Login Request" : {
    "transaction" : "15 Login Request",
    "sampleCount" : 12000,
    "errorCount" : 0,
    "errorPct" : 0.0,
    "meanResTime" : 7190.291999999971,
    "medianResTime" : 7087.5,
    "minResTime" : 9.0,
    "maxResTime" : 31421.0,
    "pct1ResTime" : 13364.0,
    "pct2ResTime" : 15367.0,
    "pct3ResTime" : 19232.989999999998,
    "throughput" : 184.58414729814953,
    "receivedKBytesPerSec" : 91.03026795465384,
    "sentKBytesPerSec" : 46.53649057947886
  },
  "21 Get Wallet Transactions Request" : {
    "transaction" : "21 Get Wallet Transactions Request",
    "sampleCount" : 12000,
    "errorCount" : 2436,
    "errorPct" : 20.3,
    "meanResTime" : 11284.870249999949,
    "medianResTime" : 9934.0,
    "minResTime" : 2.0,
    "maxResTime" : 62059.0,
    "pct1ResTime" : 19201.699999999997,
    "pct2ResTime" : 24347.85,
    "pct3ResTime" : 51121.96,
    "throughput" : 75.6625199402266,
    "receivedKBytesPerSec" : 31.92781007446453,
    "sentKBytesPerSec" : 30.664009546087936
  }
}