{
  "23 Get Stock Portfolio Request" : {
    "transaction" : "23 Get Stock Portfolio Request",
    "sampleCount" : 10000,
    "errorCount" : 8511,
    "errorPct" : 85.11,
    "meanResTime" : 27047.713700000106,
    "medianResTime" : 22576.5,
    "minResTime" : 1.0,
    "maxResTime" : 80405.0,
    "pct1ResTime" : 79379.6,
    "pct2ResTime" : 80001.0,
    "pct3ResTime" : 80006.99,
    "throughput" : 22.334889330623366,
    "receivedKBytesPerSec" : 12.479252981707726,
    "sentKBytesPerSec" : 6.830262169722824
  },
  "16 Get Stock Prices Request" : {
    "transaction" : "16 Get Stock Prices Request",
    "sampleCount" : 10000,
    "errorCount" : 7864,
    "errorPct" : 78.64,
    "meanResTime" : 39765.76909999993,
    "medianResTime" : 34820.0,
    "minResTime" : 17.0,
    "maxResTime" : 80844.0,
    "pct1ResTime" : 80001.0,
    "pct2ResTime" : 80011.0,
    "pct3ResTime" : 80304.99,
    "throughput" : 37.11153500731097,
    "receivedKBytesPerSec" : 33.63883761569521,
    "sentKBytesPerSec" : 10.547152611677886
  },
  "14 Register Request" : {
    "transaction" : "14 Register Request",
    "sampleCount" : 10000,
    "errorCount" : 1116,
    "errorPct" : 11.16,
    "meanResTime" : 26249.363699999943,
    "medianResTime" : 18159.0,
    "minResTime" : 17.0,
    "maxResTime" : 80204.0,
    "pct1ResTime" : 76910.0,
    "pct2ResTime" : 79999.0,
    "pct3ResTime" : 80005.0,
    "throughput" : 90.07791739854974,
    "receivedKBytesPerSec" : 40.0815064405711,
    "sentKBytesPerSec" : 22.46796604062514
  },
  "19 Place Stock Order Request" : {
    "transaction" : "19 Place Stock Order Request",
    "sampleCount" : 10000,
    "errorCount" : 4155,
    "errorPct" : 41.55,
    "meanResTime" : 40328.86210000019,
    "medianResTime" : 41897.0,
    "minResTime" : 11.0,
    "maxResTime" : 80772.0,
    "pct1ResTime" : 80001.0,
    "pct2ResTime" : 80002.0,
    "pct3ResTime" : 80050.98,
    "throughput" : 23.11459987471887,
    "receivedKBytesPerSec" : 24.87351257549806,
    "sentKBytesPerSec" : 8.72587205967843
  },
  "Total" : {
    "transaction" : "Total",
    "sampleCount" : 100000,
    "errorCount" : 59646,
    "errorPct" : 59.646,
    "meanResTime" : 37398.92470999988,
    "medianResTime" : 22452.5,
    "minResTime" : 1.0,
    "maxResTime" : 80844.0,
    "pct1ResTime" : 78251.0,
    "pct2ResTime" : 80000.0,
    "pct3ResTime" : 80001.0,
    "throughput" : 214.54209208575676,
    "receivedKBytesPerSec" : 167.19710452986857,
    "sentKBytesPerSec" : 60.49435409019135
  },
  "20 Get Stock Transactions Request" : {
    "transaction" : "20 Get Stock Transactions Request",
    "sampleCount" : 10000,
    "errorCount" : 8663,
    "errorPct" : 86.63,
    "meanResTime" : 42289.19440000003,
    "medianResTime" : 39080.0,
    "minResTime" : 8.0,
    "maxResTime" : 80510.0,
    "pct1ResTime" : 80001.0,
    "pct2ResTime" : 80002.0,
    "pct3ResTime" : 80041.0,
    "throughput" : 21.836349661099852,
    "receivedKBytesPerSec" : 17.099013310892843,
    "sentKBytesPerSec" : 6.205263631614231
  },
  "17 Add Money Request" : {
    "transaction" : "17 Add Money Request",
    "sampleCount" : 10000,
    "errorCount" : 4216,
    "errorPct" : 42.16,
    "meanResTime" : 44456.57559999981,
    "medianResTime" : 41379.0,
    "minResTime" : 12.0,
    "maxResTime" : 80449.0,
    "pct1ResTime" : 80001.0,
    "pct2ResTime" : 80003.0,
    "pct3ResTime" : 80181.91,
    "throughput" : 28.697945514080647,
    "receivedKBytesPerSec" : 25.858233359855017,
    "sentKBytesPerSec" : 8.341766904704167
  },
  "18 Get Wallet Balance Request" : {
    "transaction" : "18 Get Wallet Balance Request",
    "sampleCount" : 10000,
    "errorCount" : 5155,
    "errorPct" : 51.55,
    "meanResTime" : 46381.10619999999,
    "medianResTime" : 43001.5,
    "minResTime" : 4.0,
    "maxResTime" : 80497.0,
    "pct1ResTime" : 80001.0,
    "pct2ResTime" : 80003.0,
    "pct3ResTime" : 80081.98,
    "throughput" : 23.355918506529147,
    "receivedKBytesPerSec" : 21.437108916092697,
    "sentKBytesPerSec" : 6.024467587240195
  },
  "22 Get Wallet Balance Request" : {
    "transaction" : "22 Get Wallet Balance Request",
    "sampleCount" : 10000,
    "errorCount" : 8573,
    "errorPct" : 85.73,
    "meanResTime" : 32406.58789999994,
    "medianResTime" : 25110.0,
    "minResTime" : 1.0,
    "maxResTime" : 80459.0,
    "pct1ResTime" : 80000.0,
    "pct2ResTime" : 80001.0,
    "pct3ResTime" : 80023.0,
    "throughput" : 22.247534973124978,
    "receivedKBytesPerSec" : 13.388321041802007,
    "sentKBytesPerSec" : 6.5582778350033815
  },
  "15 Login Request" : {
    "transaction" : "15 Login Request",
    "sampleCount" : 10000,
    "errorCount" : 2382,
    "errorPct" : 23.82,
    "meanResTime" : 34246.68290000001,
    "medianResTime" : 28896.5,
    "minResTime" : 24.0,
    "maxResTime" : 80670.0,
    "pct1ResTime" : 80001.0,
    "pct2ResTime" : 80022.0,
    "pct3ResTime" : 80296.99,
    "throughput" : 52.67233069796105,
    "receivedKBytesPerSec" : 41.97657097695322,
    "sentKBytesPerSec" : 10.81259044826787
  },
  "21 Get Wallet Transactions Request" : {
    "transaction" : "21 Get Wallet Transactions Request",
    "sampleCount" : 10000,
    "errorCount" : 9011,
    "errorPct" : 90.11,
    "meanResTime" : 40817.391499999845,
    "medianResTime" : 38019.5,
    "minResTime" : 7.0,
    "maxResTime" : 80418.0,
    "pct1ResTime" : 80001.0,
    "pct2ResTime" : 80002.0,
    "pct3ResTime" : 80043.99,
    "throughput" : 21.92655481200172,
    "receivedKBytesPerSec" : 17.679728029866162,
    "sentKBytesPerSec" : 5.9178850693591745
  }
}