{
  "23 Get Stock Portfolio Request" : {
    "transaction" : "23 Get Stock Portfolio Request",
    "sampleCount" : 1000,
    "errorCount" : 500,
    "errorPct" : 50.0,
    "meanResTime" : 6.50799999999999,
    "medianResTime" : 6.0,
    "minResTime" : 2.0,
    "maxResTime" : 30.0,
    "pct1ResTime" : 10.0,
    "pct2ResTime" : 12.0,
    "pct3ResTime" : 19.0,
    "throughput" : 22.406955118868897,
    "receivedKBytesPerSec" : 7.7352135102735895,
    "sentKBytesPerSec" : 8.969806102814314
  },
  "16 Get Stock Prices Request" : {
    "transaction" : "16 Get Stock Prices Request",
    "sampleCount" : 1000,
    "errorCount" : 500,
    "errorPct" : 50.0,
    "meanResTime" : 7.119999999999999,
    "medianResTime" : 6.0,
    "minResTime" : 3.0,
    "maxResTime" : 39.0,
    "pct1ResTime" : 11.0,
    "pct2ResTime" : 13.0,
    "pct3ResTime" : 19.0,
    "throughput" : 22.379375167845314,
    "receivedKBytesPerSec" : 10.468477251365142,
    "sentKBytesPerSec" : 8.893200901049592
  },
  "14 Register Request" : {
    "transaction" : "14 Register Request",
    "sampleCount" : 1000,
    "errorCount" : 0,
    "errorPct" : 0.0,
    "meanResTime" : 7.834000000000009,
    "medianResTime" : 7.0,
    "minResTime" : 3.0,
    "maxResTime" : 70.0,
    "pct1ResTime" : 11.0,
    "pct2ResTime" : 13.0,
    "pct3ResTime" : 25.0,
    "throughput" : 22.32242510826376,
    "receivedKBytesPerSec" : 6.256382818429394,
    "sentKBytesPerSec" : 6.141522605640876
  },
  "19 Place Stock Order Request" : {
    "transaction" : "19 Place Stock Order Request",
    "sampleCount" : 1000,
    "errorCount" : 0,
    "errorPct" : 0.0,
    "meanResTime" : 8.094000000000014,
    "medianResTime" : 7.0,
    "minResTime" : 3.0,
    "maxResTime" : 44.0,
    "pct1ResTime" : 12.0,
    "pct2ResTime" : 15.0,
    "pct3ResTime" : 23.980000000000018,
    "throughput" : 22.39541341933172,
    "receivedKBytesPerSec" : 18.358574538934427,
    "sentKBytesPerSec" : 11.611518835942398
  },
  "Total" : {
    "transaction" : "Total",
    "sampleCount" : 10000,
    "errorCount" : 2500,
    "errorPct" : 25.0,
    "meanResTime" : 6.741899999999966,
    "medianResTime" : 6.0,
    "minResTime" : 2.0,
    "maxResTime" : 70.0,
    "pct1ResTime" : 10.0,
    "pct2ResTime" : 12.0,
    "pct3ResTime" : 19.0,
    "throughput" : 185.66309574645848,
    "receivedKBytesPerSec" : 79.94982889985333,
    "sentKBytesPerSec" : 72.06083352866638
  },
  "20 Get Stock Transactions Request" : {
    "transaction" : "20 Get Stock Transactions Request",
    "sampleCount" : 1000,
    "errorCount" : 500,
    "errorPct" : 50.0,
    "meanResTime" : 7.201999999999999,
    "medianResTime" : 7.0,
    "minResTime" : 3.0,
    "maxResTime" : 27.0,
    "pct1ResTime" : 11.0,
    "pct2ResTime" : 12.0,
    "pct3ResTime" : 18.0,
    "throughput" : 22.395914985106717,
    "receivedKBytesPerSec" : 13.350414884325097,
    "sentKBytesPerSec" : 9.030999620669188
  },
  "17 Add Money Request" : {
    "transaction" : "17 Add Money Request",
    "sampleCount" : 1000,
    "errorCount" : 0,
    "errorPct" : 0.0,
    "meanResTime" : 6.697999999999995,
    "medianResTime" : 6.0,
    "minResTime" : 2.0,
    "maxResTime" : 32.0,
    "pct1ResTime" : 10.0,
    "pct2ResTime" : 13.0,
    "pct3ResTime" : 24.0,
    "throughput" : 22.383382576775002,
    "receivedKBytesPerSec" : 6.42647898200376,
    "sentKBytesPerSec" : 9.747285490252036
  },
  "18 Get Wallet Balance Request" : {
    "transaction" : "18 Get Wallet Balance Request",
    "sampleCount" : 1000,
    "errorCount" : 0,
    "errorPct" : 0.0,
    "meanResTime" : 5.811000000000006,
    "medianResTime" : 5.0,
    "minResTime" : 2.0,
    "maxResTime" : 25.0,
    "pct1ResTime" : 9.0,
    "pct2ResTime" : 11.0,
    "pct3ResTime" : 15.0,
    "throughput" : 22.39140170174653,
    "receivedKBytesPerSec" : 6.756780396327811,
    "sentKBytesPerSec" : 8.94171325710927
  },
  "22 Get Wallet Balance Request" : {
    "transaction" : "22 Get Wallet Balance Request",
    "sampleCount" : 1000,
    "errorCount" : 500,
    "errorPct" : 50.0,
    "meanResTime" : 5.726000000000002,
    "medianResTime" : 5.0,
    "minResTime" : 2.0,
    "maxResTime" : 25.0,
    "pct1ResTime" : 9.0,
    "pct2ResTime" : 11.0,
    "pct3ResTime" : 16.0,
    "throughput" : 22.406955118868897,
    "receivedKBytesPerSec" : 6.7505328654014205,
    "sentKBytesPerSec" : 8.947924310706044
  },
  "15 Login Request" : {
    "transaction" : "15 Login Request",
    "sampleCount" : 1000,
    "errorCount" : 0,
    "errorPct" : 0.0,
    "meanResTime" : 6.605000000000004,
    "medianResTime" : 6.0,
    "minResTime" : 3.0,
    "maxResTime" : 24.0,
    "pct1ResTime" : 10.0,
    "pct2ResTime" : 12.0,
    "pct3ResTime" : 17.0,
    "throughput" : 22.375369193591695,
    "receivedKBytesPerSec" : 11.530504096091024,
    "sentKBytesPerSec" : 5.557132708314687
  },
  "21 Get Wallet Transactions Request" : {
    "transaction" : "21 Get Wallet Transactions Request",
    "sampleCount" : 1000,
    "errorCount" : 500,
    "errorPct" : 50.0,
    "meanResTime" : 5.820999999999999,
    "medianResTime" : 5.0,
    "minResTime" : 2.0,
    "maxResTime" : 22.0,
    "pct1ResTime" : 9.0,
    "pct2ResTime" : 11.0,
    "pct3ResTime" : 14.0,
    "throughput" : 22.402437385187508,
    "receivedKBytesPerSec" : 8.772829483847843,
    "sentKBytesPerSec" : 9.055507114174022
  }
}