{
  "23 Get Stock Portfolio Request" : {
    "transaction" : "23 Get Stock Portfolio Request",
    "sampleCount" : 10000,
    "errorCount" : 5320,
    "errorPct" : 53.2,
    "meanResTime" : 4454.82340000001,
    "medianResTime" : 3238.5,
    "minResTime" : 1.0,
    "maxResTime" : 66909.0,
    "pct1ResTime" : 10155.599999999999,
    "pct2ResTime" : 12568.649999999992,
    "pct3ResTime" : 27044.169999999984,
    "throughput" : 85.81628449814636,
    "receivedKBytesPerSec" : 29.450740916346284,
    "sentKBytesPerSec" : 33.941010958739525
  },
  "16 Get Stock Prices Request" : {
    "transaction" : "16 Get Stock Prices Request",
    "sampleCount" : 10000,
    "errorCount" : 5000,
    "errorPct" : 50.0,
    "meanResTime" : 11437.290599999978,
    "medianResTime" : 9850.0,
    "minResTime" : 16.0,
    "maxResTime" : 73250.0,
    "pct1ResTime" : 16338.399999999998,
    "pct2ResTime" : 40032.64999999995,
    "pct3ResTime" : 61441.729999999996,
    "throughput" : 81.93161987005645,
    "receivedKBytesPerSec" : 38.32543546655961,
    "sentKBytesPerSec" : 32.1645617067995
  },
  "14 Register Request" : {
    "transaction" : "14 Register Request",
    "sampleCount" : 10000,
    "errorCount" : 0,
    "errorPct" : 0.0,
    "meanResTime" : 3249.991799999997,
    "medianResTime" : 2971.0,
    "minResTime" : 4.0,
    "maxResTime" : 12433.0,
    "pct1ResTime" : 6591.9,
    "pct2ResTime" : 7604.899999999998,
    "pct3ResTime" : 9307.949999999999,
    "throughput" : 187.76169285942282,
    "receivedKBytesPerSec" : 52.62461508852964,
    "sentKBytesPerSec" : 49.268924911752
  },
  "19 Place Stock Order Request" : {
    "transaction" : "19 Place Stock Order Request",
    "sampleCount" : 10000,
    "errorCount" : 0,
    "errorPct" : 0.0,
    "meanResTime" : 1226.3319000000042,
    "medianResTime" : 808.0,
    "minResTime" : 3.0,
    "maxResTime" : 6869.0,
    "pct1ResTime" : 3099.0,
    "pct2ResTime" : 4043.5999999999913,
    "pct3ResTime" : 5013.909999999998,
    "throughput" : 81.45843176227172,
    "receivedKBytesPerSec" : 66.38384893126538,
    "sentKBytesPerSec" : 41.842905377885664
  },
  "Total" : {
    "transaction" : "Total",
    "sampleCount" : 100000,
    "errorCount" : 27985,
    "errorPct" : 27.985,
    "meanResTime" : 6055.398100000057,
    "medianResTime" : 666.0,
    "minResTime" : 1.0,
    "maxResTime" : 74970.0,
    "pct1ResTime" : 11833.800000000003,
    "pct2ResTime" : 53910.10000000001,
    "pct3ResTime" : 61476.870000000024,
    "throughput" : 753.5908604500444,
    "receivedKBytesPerSec" : 318.29373017114045,
    "sentKBytesPerSec" : 287.72592124127715
  },
  "20 Get Stock Transactions Request" : {
    "transaction" : "20 Get Stock Transactions Request",
    "sampleCount" : 10000,
    "errorCount" : 6127,
    "errorPct" : 61.27,
    "meanResTime" : 7120.245899999974,
    "medianResTime" : 6143.0,
    "minResTime" : 3.0,
    "maxResTime" : 65911.0,
    "pct1ResTime" : 12507.299999999997,
    "pct2ResTime" : 15016.749999999995,
    "pct3ResTime" : 42026.53999999999,
    "throughput" : 81.53813538591999,
    "receivedKBytesPerSec" : 43.549374780866266,
    "sentKBytesPerSec" : 32.4878508178275
  },
  "17 Add Money Request" : {
    "transaction" : "17 Add Money Request",
    "sampleCount" : 10000,
    "errorCount" : 9,
    "errorPct" : 0.09,
    "meanResTime" : 9991.366799999974,
    "medianResTime" : 7759.5,
    "minResTime" : 5.0,
    "maxResTime" : 74970.0,
    "pct1ResTime" : 15113.499999999998,
    "pct2ResTime" : 30337.549999999857,
    "pct3ResTime" : 60821.95,
    "throughput" : 81.7467648717802,
    "receivedKBytesPerSec" : 23.47277724159848,
    "sentKBytesPerSec" : 35.20539385591315
  },
  "18 Get Wallet Balance Request" : {
    "transaction" : "18 Get Wallet Balance Request",
    "sampleCount" : 10000,
    "errorCount" : 3,
    "errorPct" : 0.03,
    "meanResTime" : 8214.144900000016,
    "medianResTime" : 6572.5,
    "minResTime" : 2.0,
    "maxResTime" : 72819.0,
    "pct1ResTime" : 13646.199999999997,
    "pct2ResTime" : 18242.0,
    "pct3ResTime" : 60020.0,
    "throughput" : 81.26975871008639,
    "receivedKBytesPerSec" : 24.523689372760003,
    "sentKBytesPerSec" : 32.06345949108877
  },
  "22 Get Wallet Balance Request" : {
    "transaction" : "22 Get Wallet Balance Request",
    "sampleCount" : 10000,
    "errorCount" : 5399,
    "errorPct" : 53.99,
    "meanResTime" : 5224.130499999996,
    "medianResTime" : 4506.5,
    "minResTime" : 1.0,
    "maxResTime" : 65579.0,
    "pct1ResTime" : 10848.599999999999,
    "pct2ResTime" : 13273.599999999991,
    "pct3ResTime" : 28447.889999999978,
    "throughput" : 82.21453059613756,
    "receivedKBytesPerSec" : 24.771936570975804,
    "sentKBytesPerSec" : 32.4362015242574
  },
  "15 Login Request" : {
    "transaction" : "15 Login Request",
    "sampleCount" : 10000,
    "errorCount" : 0,
    "errorPct" : 0.0,
    "meanResTime" : 3526.568899999999,
    "medianResTime" : 3171.5,
    "minResTime" : 4.0,
    "maxResTime" : 11979.0,
    "pct1ResTime" : 6967.0,
    "pct2ResTime" : 7885.949999999999,
    "pct3ResTime" : 10061.869999999997,
    "throughput" : 183.93510769400555,
    "receivedKBytesPerSec" : 93.76379513307705,
    "sentKBytesPerSec" : 43.46903912299741
  },
  "21 Get Wallet Transactions Request" : {
    "transaction" : "21 Get Wallet Transactions Request",
    "sampleCount" : 10000,
    "errorCount" : 6127,
    "errorPct" : 61.27,
    "meanResTime" : 6109.086299999991,
    "medianResTime" : 5547.0,
    "minResTime" : 2.0,
    "maxResTime" : 64353.0,
    "pct1ResTime" : 11616.199999999997,
    "pct2ResTime" : 13920.949999999999,
    "pct3ResTime" : 35908.97,
    "throughput" : 81.9000819000819,
    "receivedKBytesPerSec" : 31.404842342342345,
    "sentKBytesPerSec" : 32.712044430794435
  }
}