{
  "23 Get Stock Portfolio Request" : {
    "transaction" : "23 Get Stock Portfolio Request",
    "sampleCount" : 12000,
    "errorCount" : 6696,
    "errorPct" : 55.8,
    "meanResTime" : 6965.12399999998,
    "medianResTime" : 5355.5,
    "minResTime" : 0.0,
    "maxResTime" : 80052.0,
    "pct1ResTime" : 15125.899999999996,
    "pct2ResTime" : 20515.799999999996,
    "pct3ResTime" : 36732.899999999994,
    "throughput" : 82.81116294476496,
    "receivedKBytesPerSec" : 28.354304972810336,
    "sentKBytesPerSec" : 33.22106472296216
  },
  "16 Get Stock Prices Request" : {
    "transaction" : "16 Get Stock Prices Request",
    "sampleCount" : 12000,
    "errorCount" : 6077,
    "errorPct" : 50.641666,
    "meanResTime" : 14533.204583333325,
    "medianResTime" : 10988.5,
    "minResTime" : 17.0,
    "maxResTime" : 80219.0,
    "pct1ResTime" : 22621.599999999995,
    "pct2ResTime" : 60765.799999999974,
    "pct3ResTime" : 80000.0,
    "throughput" : 87.51841533322637,
    "receivedKBytesPerSec" : 43.18401339396414,
    "sentKBytesPerSec" : 34.44926530113628
  },
  "14 Register Request" : {
    "transaction" : "14 Register Request",
    "sampleCount" : 12000,
    "errorCount" : 0,
    "errorPct" : 0.0,
    "meanResTime" : 5780.175916666689,
    "medianResTime" : 5380.5,
    "minResTime" : 4.0,
    "maxResTime" : 28781.0,
    "pct1ResTime" : 10598.499999999998,
    "pct2ResTime" : 13039.199999999983,
    "pct3ResTime" : 17564.649999999994,
    "throughput" : 189.15212559701138,
    "receivedKBytesPerSec" : 53.01431645150612,
    "sentKBytesPerSec" : 51.35341670804369
  },
  "19 Place Stock Order Request" : {
    "transaction" : "19 Place Stock Order Request",
    "sampleCount" : 12000,
    "errorCount" : 0,
    "errorPct" : 0.0,
    "meanResTime" : 1744.1681666666657,
    "medianResTime" : 1049.0,
    "minResTime" : 4.0,
    "maxResTime" : 12195.0,
    "pct1ResTime" : 4440.5999999999985,
    "pct2ResTime" : 6031.949999999999,
    "pct3ResTime" : 8828.829999999996,
    "throughput" : 80.8244089715094,
    "receivedKBytesPerSec" : 66.34073802788443,
    "sentKBytesPerSec" : 41.99080622347949
  },
  "Total" : {
    "transaction" : "Total",
    "sampleCount" : 120000,
    "errorCount" : 35911,
    "errorPct" : 29.925833,
    "meanResTime" : 8753.441941666624,
    "medianResTime" : 1428.5,
    "minResTime" : 0.0,
    "maxResTime" : 80227.0,
    "pct1ResTime" : 22317.700000000033,
    "pct2ResTime" : 62272.15000000001,
    "pct3ResTime" : 80001.0,
    "throughput" : 776.8498737618955,
    "receivedKBytesPerSec" : 331.56346474032176,
    "sentKBytesPerSec" : 301.32519031810386
  },
  "20 Get Stock Transactions Request" : {
    "transaction" : "20 Get Stock Transactions Request",
    "sampleCount" : 12000,
    "errorCount" : 7911,
    "errorPct" : 65.925,
    "meanResTime" : 9965.842749999953,
    "medianResTime" : 8015.0,
    "minResTime" : 0.0,
    "maxResTime" : 80227.0,
    "pct1ResTime" : 17315.5,
    "pct2ResTime" : 23674.24999999994,
    "pct3ResTime" : 62447.21999999999,
    "throughput" : 80.91869693925028,
    "receivedKBytesPerSec" : 41.665621818040826,
    "sentKBytesPerSec" : 32.66065100777494
  },
  "17 Add Money Request" : {
    "transaction" : "17 Add Money Request",
    "sampleCount" : 12000,
    "errorCount" : 207,
    "errorPct" : 1.725,
    "meanResTime" : 13233.106666666652,
    "medianResTime" : 9501.5,
    "minResTime" : 3.0,
    "maxResTime" : 80043.0,
    "pct1ResTime" : 21940.999999999993,
    "pct2ResTime" : 47860.94999999993,
    "pct3ResTime" : 75646.92,
    "throughput" : 80.34010645064104,
    "receivedKBytesPerSec" : 24.32798848458474,
    "sentKBytesPerSec" : 34.836537174036756
  },
  "18 Get Wallet Balance Request" : {
    "transaction" : "18 Get Wallet Balance Request",
    "sampleCount" : 12000,
    "errorCount" : 288,
    "errorPct" : 2.4,
    "meanResTime" : 11667.685833333342,
    "medianResTime" : 8640.0,
    "minResTime" : 0.0,
    "maxResTime" : 80139.0,
    "pct1ResTime" : 19819.9,
    "pct2ResTime" : 40005.349999999984,
    "pct3ResTime" : 67775.50999999997,
    "throughput" : 80.53475074494644,
    "receivedKBytesPerSec" : 25.01534013977813,
    "sentKBytesPerSec" : 32.1217519747792
  },
  "22 Get Wallet Balance Request" : {
    "transaction" : "22 Get Wallet Balance Request",
    "sampleCount" : 12000,
    "errorCount" : 6767,
    "errorPct" : 56.391666,
    "meanResTime" : 8157.919083333326,
    "medianResTime" : 6849.0,
    "minResTime" : 0.0,
    "maxResTime" : 80001.0,
    "pct1ResTime" : 15839.599999999999,
    "pct2ResTime" : 21606.699999999993,
    "pct3ResTime" : 39591.43999999999,
    "throughput" : 82.19009198441128,
    "receivedKBytesPerSec" : 24.838102641726543,
    "sentKBytesPerSec" : 32.897172917679775
  },
  "15 Login Request" : {
    "transaction" : "15 Login Request",
    "sampleCount" : 12000,
    "errorCount" : 0,
    "errorPct" : 0.0,
    "meanResTime" : 5924.5388333333485,
    "medianResTime" : 5618.5,
    "minResTime" : 5.0,
    "maxResTime" : 25277.0,
    "pct1ResTime" : 10958.8,
    "pct2ResTime" : 12824.949999999999,
    "pct3ResTime" : 16414.98,
    "throughput" : 174.46678588563702,
    "receivedKBytesPerSec" : 90.12981419287303,
    "sentKBytesPerSec" : 43.9857488123537
  },
  "21 Get Wallet Transactions Request" : {
    "transaction" : "21 Get Wallet Transactions Request",
    "sampleCount" : 12000,
    "errorCount" : 7965,
    "errorPct" : 66.375,
    "meanResTime" : 9562.65358333335,
    "medianResTime" : 7791.0,
    "minResTime" : 0.0,
    "maxResTime" : 80004.0,
    "pct1ResTime" : 17022.9,
    "pct2ResTime" : 23857.749999999993,
    "pct3ResTime" : 63020.22999999996,
    "throughput" : 81.07669855683476,
    "receivedKBytesPerSec" : 31.13440236338576,
    "sentKBytesPerSec" : 32.79799223268336
  }
}