{
  "23 Get Stock Portfolio Request" : {
    "transaction" : "23 Get Stock Portfolio Request",
    "sampleCount" : 15000,
    "errorCount" : 3745,
    "errorPct" : 24.966667,
    "meanResTime" : 6510.9043999999785,
    "medianResTime" : 1892.5,
    "minResTime" : 0.0,
    "maxResTime" : 80020.0,
    "pct1ResTime" : 18522.899999999994,
    "pct2ResTime" : 31245.0,
    "pct3ResTime" : 60814.97,
    "throughput" : 84.12032571390117,
    "receivedKBytesPerSec" : 30.78901951977108,
    "sentKBytesPerSec" : 33.67760525906256
  },
  "16 Get Stock Prices Request" : {
    "transaction" : "16 Get Stock Prices Request",
    "sampleCount" : 15000,
    "errorCount" : 608,
    "errorPct" : 4.0533333,
    "meanResTime" : 18447.457400000032,
    "medianResTime" : 13712.5,
    "minResTime" : 23.0,
    "maxResTime" : 80212.0,
    "pct1ResTime" : 39543.99999999999,
    "pct2ResTime" : 70276.29999999999,
    "pct3ResTime" : 80001.0,
    "throughput" : 88.71959875082806,
    "receivedKBytesPerSec" : 47.504839838944356,
    "sentKBytesPerSec" : 34.208613785842715
  },
  "14 Register Request" : {
    "transaction" : "14 Register Request",
    "sampleCount" : 15000,
    "errorCount" : 0,
    "errorPct" : 0.0,
    "meanResTime" : 6103.151466666656,
    "medianResTime" : 5731.0,
    "minResTime" : 5.0,
    "maxResTime" : 35582.0,
    "pct1ResTime" : 11847.0,
    "pct2ResTime" : 13699.849999999997,
    "pct3ResTime" : 17275.749999999993,
    "throughput" : 167.04158221786676,
    "receivedKBytesPerSec" : 46.81731845364039,
    "sentKBytesPerSec" : 45.35326858616005
  },
  "19 Place Stock Order Request" : {
    "transaction" : "19 Place Stock Order Request",
    "sampleCount" : 15000,
    "errorCount" : 0,
    "errorPct" : 0.0,
    "meanResTime" : 2213.9003333333317,
    "medianResTime" : 1455.5,
    "minResTime" : 3.0,
    "maxResTime" : 19727.0,
    "pct1ResTime" : 5314.799999999999,
    "pct2ResTime" : 6924.249999999984,
    "pct3ResTime" : 12416.839999999997,
    "throughput" : 80.14918434846729,
    "receivedKBytesPerSec" : 66.68662603993566,
    "sentKBytesPerSec" : 42.57925418512324
  },
  "Total" : {
    "transaction" : "Total",
    "sampleCount" : 150000,
    "errorCount" : 18685,
    "errorPct" : 12.456667,
    "meanResTime" : 11107.359946666813,
    "medianResTime" : 1092.5,
    "minResTime" : 0.0,
    "maxResTime" : 80249.0,
    "pct1ResTime" : 40315.20000000001,
    "pct2ResTime" : 60050.0,
    "pct3ResTime" : 62099.98,
    "throughput" : 757.2927289800782,
    "receivedKBytesPerSec" : 352.84797482569644,
    "sentKBytesPerSec" : 293.0208434568646
  },
  "20 Get Stock Transactions Request" : {
    "transaction" : "20 Get Stock Transactions Request",
    "sampleCount" : 15000,
    "errorCount" : 4296,
    "errorPct" : 28.64,
    "meanResTime" : 14951.446866666685,
    "medianResTime" : 10774.0,
    "minResTime" : 2.0,
    "maxResTime" : 80160.0,
    "pct1ResTime" : 36982.7,
    "pct2ResTime" : 46466.44999999975,
    "pct3ResTime" : 80000.0,
    "throughput" : 80.3307484683604,
    "receivedKBytesPerSec" : 58.918064477475255,
    "sentKBytesPerSec" : 32.141870042923394
  },
  "17 Add Money Request" : {
    "transaction" : "17 Add Money Request",
    "sampleCount" : 15000,
    "errorCount" : 641,
    "errorPct" : 4.2733335,
    "meanResTime" : 17826.32540000002,
    "medianResTime" : 13230.0,
    "minResTime" : 4.0,
    "maxResTime" : 80249.0,
    "pct1ResTime" : 40822.2,
    "pct2ResTime" : 62051.85,
    "pct3ResTime" : 80001.0,
    "throughput" : 79.76771640981461,
    "receivedKBytesPerSec" : 25.896204834854238,
    "sentKBytesPerSec" : 34.26567148962222
  },
  "18 Get Wallet Balance Request" : {
    "transaction" : "18 Get Wallet Balance Request",
    "sampleCount" : 15000,
    "errorCount" : 947,
    "errorPct" : 6.3133335,
    "meanResTime" : 16471.32086666661,
    "medianResTime" : 11940.0,
    "minResTime" : 1.0,
    "maxResTime" : 80126.0,
    "pct1ResTime" : 38762.399999999994,
    "pct2ResTime" : 60245.49999999997,
    "pct3ResTime" : 79995.68,
    "throughput" : 79.87177917050495,
    "receivedKBytesPerSec" : 25.99282493503762,
    "sentKBytesPerSec" : 31.651584489699204
  },
  "22 Get Wallet Balance Request" : {
    "transaction" : "22 Get Wallet Balance Request",
    "sampleCount" : 15000,
    "errorCount" : 3680,
    "errorPct" : 24.533333,
    "meanResTime" : 9047.008266666679,
    "medianResTime" : 3323.0,
    "minResTime" : 0.0,
    "maxResTime" : 80065.0,
    "pct1ResTime" : 25403.599999999988,
    "pct2ResTime" : 38870.799999999996,
    "pct3ResTime" : 65479.67999999997,
    "throughput" : 82.64872638312644,
    "receivedKBytesPerSec" : 25.41049082668011,
    "sentKBytesPerSec" : 33.005736596442794
  },
  "15 Login Request" : {
    "transaction" : "15 Login Request",
    "sampleCount" : 15000,
    "errorCount" : 0,
    "errorPct" : 0.0,
    "meanResTime" : 7185.455666666652,
    "medianResTime" : 7063.5,
    "minResTime" : 13.0,
    "maxResTime" : 27428.0,
    "pct1ResTime" : 13127.9,
    "pct2ResTime" : 15245.949999999999,
    "pct3ResTime" : 17205.92,
    "throughput" : 159.26102882624622,
    "receivedKBytesPerSec" : 82.27449633699634,
    "sentKBytesPerSec" : 40.1529403567447
  },
  "21 Get Wallet Transactions Request" : {
    "transaction" : "21 Get Wallet Transactions Request",
    "sampleCount" : 15000,
    "errorCount" : 4768,
    "errorPct" : 31.786667,
    "meanResTime" : 12316.62880000002,
    "medianResTime" : 7325.5,
    "minResTime" : 0.0,
    "maxResTime" : 80012.0,
    "pct1ResTime" : 33658.399999999994,
    "pct2ResTime" : 42797.99999999991,
    "pct3ResTime" : 68644.73999999999,
    "throughput" : 81.16883116883116,
    "receivedKBytesPerSec" : 35.55150944433171,
    "sentKBytesPerSec" : 32.726707293357684
  }
}