{
  "23 Get Stock Portfolio Request" : {
    "transaction" : "23 Get Stock Portfolio Request",
    "sampleCount" : 17000,
    "errorCount" : 4883,
    "errorPct" : 28.72353,
    "meanResTime" : 12006.012882352843,
    "medianResTime" : 8271.0,
    "minResTime" : 2.0,
    "maxResTime" : 80415.0,
    "pct1ResTime" : 29038.799999999996,
    "pct2ResTime" : 39492.59999999999,
    "pct3ResTime" : 66788.4200000001,
    "throughput" : 69.13604346623721,
    "receivedKBytesPerSec" : 26.097629211960943,
    "sentKBytesPerSec" : 27.484508252098482
  },
  "16 Get Stock Prices Request" : {
    "transaction" : "16 Get Stock Prices Request",
    "sampleCount" : 17000,
    "errorCount" : 675,
    "errorPct" : 3.9705882,
    "meanResTime" : 19239.25223529415,
    "medianResTime" : 15597.0,
    "minResTime" : 25.0,
    "maxResTime" : 80164.0,
    "pct1ResTime" : 37923.49999999999,
    "pct2ResTime" : 62117.29999999999,
    "pct3ResTime" : 80000.0,
    "throughput" : 88.98147615034729,
    "receivedKBytesPerSec" : 44.29608598456695,
    "sentKBytesPerSec" : 34.890470999890084
  },
  "14 Register Request" : {
    "transaction" : "14 Register Request",
    "sampleCount" : 17000,
    "errorCount" : 0,
    "errorPct" : 0.0,
    "meanResTime" : 7985.146882352931,
    "medianResTime" : 7121.0,
    "minResTime" : 5.0,
    "maxResTime" : 48240.0,
    "pct1ResTime" : 14886.9,
    "pct2ResTime" : 18960.59999999999,
    "pct3ResTime" : 33108.58000000007,
    "throughput" : 135.60836304751876,
    "receivedKBytesPerSec" : 38.00742206507606,
    "sentKBytesPerSec" : 36.8169383071689
  },
  "19 Place Stock Order Request" : {
    "transaction" : "19 Place Stock Order Request",
    "sampleCount" : 17000,
    "errorCount" : 733,
    "errorPct" : 4.3117647,
    "meanResTime" : 15699.133764705883,
    "medianResTime" : 9861.0,
    "minResTime" : 5.0,
    "maxResTime" : 80427.0,
    "pct1ResTime" : 33187.0,
    "pct2ResTime" : 44627.95,
    "pct3ResTime" : 80000.0,
    "throughput" : 67.66788601543624,
    "receivedKBytesPerSec" : 60.32956266270146,
    "sentKBytesPerSec" : 34.39854693165942
  },
  "Total" : {
    "transaction" : "Total",
    "sampleCount" : 170000,
    "errorCount" : 29140,
    "errorPct" : 17.141176,
    "meanResTime" : 15998.809341176418,
    "medianResTime" : 4592.5,
    "minResTime" : 2.0,
    "maxResTime" : 80427.0,
    "pct1ResTime" : 37256.700000000004,
    "pct2ResTime" : 56916.200000000026,
    "pct3ResTime" : 79539.89000000001,
    "throughput" : 649.539209243325,
    "receivedKBytesPerSec" : 309.22078966057757,
    "sentKBytesPerSec" : 247.94481361448513
  },
  "20 Get Stock Transactions Request" : {
    "transaction" : "20 Get Stock Transactions Request",
    "sampleCount" : 17000,
    "errorCount" : 7249,
    "errorPct" : 42.64118,
    "meanResTime" : 18858.568235293988,
    "medianResTime" : 15360.0,
    "minResTime" : 3.0,
    "maxResTime" : 80291.0,
    "pct1ResTime" : 36508.9,
    "pct2ResTime" : 49617.799999999996,
    "pct3ResTime" : 79999.0,
    "throughput" : 67.78795926342401,
    "receivedKBytesPerSec" : 45.66274895252649,
    "sentKBytesPerSec" : 26.892185929911236
  },
  "17 Add Money Request" : {
    "transaction" : "17 Add Money Request",
    "sampleCount" : 17000,
    "errorCount" : 768,
    "errorPct" : 4.5176473,
    "meanResTime" : 21204.321058823636,
    "medianResTime" : 17296.5,
    "minResTime" : 17.0,
    "maxResTime" : 80419.0,
    "pct1ResTime" : 40711.79999999999,
    "pct2ResTime" : 61835.799999999996,
    "pct3ResTime" : 80001.0,
    "throughput" : 71.1145320454631,
    "receivedKBytesPerSec" : 24.042851832611035,
    "sentKBytesPerSec" : 30.32734123680721
  },
  "18 Get Wallet Balance Request" : {
    "transaction" : "18 Get Wallet Balance Request",
    "sampleCount" : 17000,
    "errorCount" : 1899,
    "errorPct" : 11.1705885,
    "meanResTime" : 24496.136470588222,
    "medianResTime" : 19473.5,
    "minResTime" : 5.0,
    "maxResTime" : 80424.0,
    "pct1ResTime" : 49028.8,
    "pct2ResTime" : 69619.69999999992,
    "pct3ResTime" : 80001.0,
    "throughput" : 67.61136984612448,
    "receivedKBytesPerSec" : 27.287708843318605,
    "sentKBytesPerSec" : 25.746074066267095
  },
  "22 Get Wallet Balance Request" : {
    "transaction" : "22 Get Wallet Balance Request",
    "sampleCount" : 17000,
    "errorCount" : 5329,
    "errorPct" : 31.34706,
    "meanResTime" : 15314.70829411765,
    "medianResTime" : 11522.5,
    "minResTime" : 2.0,
    "maxResTime" : 80424.0,
    "pct1ResTime" : 35739.2,
    "pct2ResTime" : 46611.84999999998,
    "pct3ResTime" : 74408.98000000001,
    "throughput" : 68.63140896245459,
    "receivedKBytesPerSec" : 22.70762499369197,
    "sentKBytesPerSec" : 27.059099969721437
  },
  "15 Login Request" : {
    "transaction" : "15 Login Request",
    "sampleCount" : 17000,
    "errorCount" : 0,
    "errorPct" : 0.0,
    "meanResTime" : 7670.425470588243,
    "medianResTime" : 7081.5,
    "minResTime" : 13.0,
    "maxResTime" : 41590.0,
    "pct1ResTime" : 14006.0,
    "pct2ResTime" : 16113.699999999993,
    "pct3ResTime" : 22722.87000000002,
    "throughput" : 131.69208840412426,
    "receivedKBytesPerSec" : 68.03233863845874,
    "sentKBytesPerSec" : 33.20155903824106
  },
  "21 Get Wallet Transactions Request" : {
    "transaction" : "21 Get Wallet Transactions Request",
    "sampleCount" : 17000,
    "errorCount" : 7604,
    "errorPct" : 44.729412,
    "meanResTime" : 17514.38811764715,
    "medianResTime" : 13466.0,
    "minResTime" : 2.0,
    "maxResTime" : 80424.0,
    "pct1ResTime" : 36875.299999999996,
    "pct2ResTime" : 48923.499999999985,
    "pct3ResTime" : 79422.95000000017,
    "throughput" : 68.29887588085462,
    "receivedKBytesPerSec" : 30.78479629985818,
    "sentKBytesPerSec" : 27.142407989863642
  }
}