{
  "23 Get Stock Portfolio Request" : {
    "transaction" : "23 Get Stock Portfolio Request",
    "sampleCount" : 1000,
    "errorCount" : 0,
    "errorPct" : 0.0,
    "meanResTime" : 5.4490000000000025,
    "medianResTime" : 5.0,
    "minResTime" : 2.0,
    "maxResTime" : 18.0,
    "pct1ResTime" : 8.0,
    "pct2ResTime" : 9.0,
    "pct3ResTime" : 11.0,
    "throughput" : 22.38388360380526,
    "receivedKBytesPerSec" : 7.913052602126469,
    "sentKBytesPerSec" : 8.984156407386681
  },
  "16 Get Stock Prices Request" : {
    "transaction" : "16 Get Stock Prices Request",
    "sampleCount" : 1000,
    "errorCount" : 0,
    "errorPct" : 0.0,
    "meanResTime" : 4.992999999999999,
    "medianResTime" : 4.0,
    "minResTime" : 2.0,
    "maxResTime" : 21.0,
    "pct1ResTime" : 7.0,
    "pct2ResTime" : 9.0,
    "pct3ResTime" : 14.0,
    "throughput" : 22.373867322966774,
    "receivedKBytesPerSec" : 9.941513312451058,
    "sentKBytesPerSec" : 8.914587761494575
  },
  "14 Register Request" : {
    "transaction" : "14 Register Request",
    "sampleCount" : 1000,
    "errorCount" : 0,
    "errorPct" : 0.0,
    "meanResTime" : 6.431000000000003,
    "medianResTime" : 6.0,
    "minResTime" : 3.0,
    "maxResTime" : 63.0,
    "pct1ResTime" : 9.0,
    "pct2ResTime" : 10.0,
    "pct3ResTime" : 20.0,
    "throughput" : 22.32093033637642,
    "receivedKBytesPerSec" : 5.732817068815428,
    "sentKBytesPerSec" : 6.062573938081739
  },
  "19 Place Stock Order Request" : {
    "transaction" : "19 Place Stock Order Request",
    "sampleCount" : 1000,
    "errorCount" : 0,
    "errorPct" : 0.0,
    "meanResTime" : 6.499000000000002,
    "medianResTime" : 6.0,
    "minResTime" : 3.0,
    "maxResTime" : 32.0,
    "pct1ResTime" : 9.0,
    "pct2ResTime" : 11.0,
    "pct3ResTime" : 19.99000000000001,
    "throughput" : 22.384885725158373,
    "receivedKBytesPerSec" : 18.100278691827278,
    "sentKBytesPerSec" : 11.891970541490386
  },
  "Total" : {
    "transaction" : "Total",
    "sampleCount" : 10000,
    "errorCount" : 0,
    "errorPct" : 0.0,
    "meanResTime" : 5.263100000000014,
    "medianResTime" : 5.0,
    "minResTime" : 2.0,
    "maxResTime" : 63.0,
    "pct1ResTime" : 8.0,
    "pct2ResTime" : 9.0,
    "pct3ResTime" : 13.0,
    "throughput" : 185.628631360101,
    "receivedKBytesPerSec" : 82.66274990254496,
    "sentKBytesPerSec" : 72.42743370737502
  },
  "20 Get Stock Transactions Request" : {
    "transaction" : "20 Get Stock Transactions Request",
    "sampleCount" : 1000,
    "errorCount" : 0,
    "errorPct" : 0.0,
    "meanResTime" : 5.693000000000007,
    "medianResTime" : 5.0,
    "minResTime" : 3.0,
    "maxResTime" : 18.0,
    "pct1ResTime" : 8.0,
    "pct2ResTime" : 9.0,
    "pct3ResTime" : 11.0,
    "throughput" : 22.386389075442132,
    "receivedKBytesPerSec" : 18.822930658159837,
    "sentKBytesPerSec" : 9.050747145735393
  },
  "17 Add Money Request" : {
    "transaction" : "17 Add Money Request",
    "sampleCount" : 1000,
    "errorCount" : 0,
    "errorPct" : 0.0,
    "meanResTime" : 4.779000000000003,
    "medianResTime" : 4.0,
    "minResTime" : 2.0,
    "maxResTime" : 26.0,
    "pct1ResTime" : 7.0,
    "pct2ResTime" : 9.0,
    "pct3ResTime" : 15.0,
    "throughput" : 22.378373539811125,
    "receivedKBytesPerSec" : 5.900547710692387,
    "sentKBytesPerSec" : 9.768684543257397
  },
  "18 Get Wallet Balance Request" : {
    "transaction" : "18 Get Wallet Balance Request",
    "sampleCount" : 1000,
    "errorCount" : 0,
    "errorPct" : 0.0,
    "meanResTime" : 4.551999999999997,
    "medianResTime" : 4.0,
    "minResTime" : 2.0,
    "maxResTime" : 17.0,
    "pct1ResTime" : 7.0,
    "pct2ResTime" : 8.0,
    "pct3ResTime" : 10.0,
    "throughput" : 22.386890237077168,
    "receivedKBytesPerSec" : 6.230726286686517,
    "sentKBytesPerSec" : 8.963500973829726
  },
  "22 Get Wallet Balance Request" : {
    "transaction" : "22 Get Wallet Balance Request",
    "sampleCount" : 1000,
    "errorCount" : 0,
    "errorPct" : 0.0,
    "meanResTime" : 4.536000000000004,
    "medianResTime" : 4.0,
    "minResTime" : 2.0,
    "maxResTime" : 17.0,
    "pct1ResTime" : 7.0,
    "pct2ResTime" : 8.0,
    "pct3ResTime" : 11.0,
    "throughput" : 22.386890237077168,
    "receivedKBytesPerSec" : 6.208864089189371,
    "sentKBytesPerSec" : 8.963500973829726
  },
  "15 Login Request" : {
    "transaction" : "15 Login Request",
    "sampleCount" : 1000,
    "errorCount" : 0,
    "errorPct" : 0.0,
    "meanResTime" : 5.356999999999998,
    "medianResTime" : 5.0,
    "minResTime" : 3.0,
    "maxResTime" : 31.0,
    "pct1ResTime" : 8.0,
    "pct2ResTime" : 9.0,
    "pct3ResTime" : 15.980000000000018,
    "throughput" : 22.369362920544024,
    "receivedKBytesPerSec" : 11.031765893432356,
    "sentKBytesPerSec" : 5.641535852496421
  },
  "21 Get Wallet Transactions Request" : {
    "transaction" : "21 Get Wallet Transactions Request",
    "sampleCount" : 1000,
    "errorCount" : 0,
    "errorPct" : 0.0,
    "meanResTime" : 4.342000000000005,
    "medianResTime" : 4.0,
    "minResTime" : 2.0,
    "maxResTime" : 17.0,
    "pct1ResTime" : 7.0,
    "pct2ResTime" : 8.0,
    "pct3ResTime" : 9.0,
    "throughput" : 22.38588793624499,
    "receivedKBytesPerSec" : 9.771964753419445,
    "sentKBytesPerSec" : 9.072405755411788
  }
}