{
  "23 Get Stock Portfolio Request" : {
    "transaction" : "23 Get Stock Portfolio Request",
    "sampleCount" : 15000,
    "errorCount" : 1502,
    "errorPct" : 10.013333,
    "meanResTime" : 8075.642199999948,
    "medianResTime" : 4140.0,
    "minResTime" : 2.0,
    "maxResTime" : 75770.0,
    "pct1ResTime" : 23492.499999999993,
    "pct2ResTime" : 29112.0,
    "pct3ResTime" : 52875.019999999975,
    "throughput" : 75.98591727666472,
    "receivedKBytesPerSec" : 26.320700542666092,
    "sentKBytesPerSec" : 30.49825390694258
  },
  "16 Get Stock Prices Request" : {
    "transaction" : "16 Get Stock Prices Request",
    "sampleCount" : 15000,
    "errorCount" : 1446,
    "errorPct" : 9.64,
    "meanResTime" : 19453.5802666667,
    "medianResTime" : 15384.5,
    "minResTime" : 42.0,
    "maxResTime" : 79807.0,
    "pct1ResTime" : 51439.0,
    "pct2ResTime" : 56380.95,
    "pct3ResTime" : 69467.29999999999,
    "throughput" : 95.55357370365651,
    "receivedKBytesPerSec" : 40.11906373423366,
    "sentKBytesPerSec" : 38.072127022550646
  },
  "14 Register Request" : {
    "transaction" : "14 Register Request",
    "sampleCount" : 15000,
    "errorCount" : 0,
    "errorPct" : 0.0,
    "meanResTime" : 8850.422866666673,
    "medianResTime" : 8185.5,
    "minResTime" : 5.0,
    "maxResTime" : 29062.0,
    "pct1ResTime" : 17169.699999999997,
    "pct2ResTime" : 19563.949999999997,
    "pct3ResTime" : 23420.98,
    "throughput" : 174.4023811738443,
    "receivedKBytesPerSec" : 44.79279907101665,
    "sentKBytesPerSec" : 47.35179067644871
  },
  "19 Place Stock Order Request" : {
    "transaction" : "19 Place Stock Order Request",
    "sampleCount" : 15000,
    "errorCount" : 0,
    "errorPct" : 0.0,
    "meanResTime" : 10530.48906666668,
    "medianResTime" : 6465.5,
    "minResTime" : 6.0,
    "maxResTime" : 37880.0,
    "pct1ResTime" : 27407.699999999997,
    "pct2ResTime" : 30253.949999999997,
    "pct3ResTime" : 33479.94,
    "throughput" : 77.226438213701,
    "receivedKBytesPerSec" : 62.44481527435979,
    "sentKBytesPerSec" : 41.026545301028655
  },
  "Total" : {
    "transaction" : "Total",
    "sampleCount" : 150000,
    "errorCount" : 13149,
    "errorPct" : 8.766,
    "meanResTime" : 13760.699280000219,
    "medianResTime" : 3339.0,
    "minResTime" : 2.0,
    "maxResTime" : 80480.0,
    "pct1ResTime" : 6949.9000000000015,
    "pct2ResTime" : 9289.0,
    "pct3ResTime" : 16506.980000000003,
    "throughput" : 697.3306183927924,
    "receivedKBytesPerSec" : 300.03209627608015,
    "sentKBytesPerSec" : 272.0676448471916
  },
  "20 Get Stock Transactions Request" : {
    "transaction" : "20 Get Stock Transactions Request",
    "sampleCount" : 15000,
    "errorCount" : 2415,
    "errorPct" : 16.1,
    "meanResTime" : 15411.966666666753,
    "medianResTime" : 11545.0,
    "minResTime" : 13.0,
    "maxResTime" : 78689.0,
    "pct1ResTime" : 30848.1,
    "pct2ResTime" : 42865.249999999985,
    "pct3ResTime" : 61909.63999999999,
    "throughput" : 73.36147153330366,
    "receivedKBytesPerSec" : 55.125147028615864,
    "sentKBytesPerSec" : 29.659813686316127
  },
  "17 Add Money Request" : {
    "transaction" : "17 Add Money Request",
    "sampleCount" : 15000,
    "errorCount" : 1505,
    "errorPct" : 10.033334,
    "meanResTime" : 21852.708533333243,
    "medianResTime" : 17559.0,
    "minResTime" : 7.0,
    "maxResTime" : 79739.0,
    "pct1ResTime" : 51047.9,
    "pct2ResTime" : 55944.499999999985,
    "pct3ResTime" : 69085.51999999999,
    "throughput" : 86.76889971250571,
    "receivedKBytesPerSec" : 22.395442797964403,
    "sentKBytesPerSec" : 37.876658370595756
  },
  "18 Get Wallet Balance Request" : {
    "transaction" : "18 Get Wallet Balance Request",
    "sampleCount" : 15000,
    "errorCount" : 2019,
    "errorPct" : 13.46,
    "meanResTime" : 21947.42906666673,
    "medianResTime" : 19599.5,
    "minResTime" : 6.0,
    "maxResTime" : 80480.0,
    "pct1ResTime" : 41780.399999999994,
    "pct2ResTime" : 54304.95,
    "pct3ResTime" : 68239.95999999999,
    "throughput" : 77.23478860838358,
    "receivedKBytesPerSec" : 21.115076053739966,
    "sentKBytesPerSec" : 30.924085282653582
  },
  "22 Get Wallet Balance Request" : {
    "transaction" : "22 Get Wallet Balance Request",
    "sampleCount" : 15000,
    "errorCount" : 1570,
    "errorPct" : 10.466666,
    "meanResTime" : 10518.142333333359,
    "medianResTime" : 5756.5,
    "minResTime" : 2.0,
    "maxResTime" : 77552.0,
    "pct1ResTime" : 27704.9,
    "pct2ResTime" : 31594.749999999993,
    "pct3ResTime" : 54956.829999999994,
    "throughput" : 74.60125628515584,
    "receivedKBytesPerSec" : 20.602496841880154,
    "sentKBytesPerSec" : 29.869643629798727
  },
  "15 Login Request" : {
    "transaction" : "15 Login Request",
    "sampleCount" : 15000,
    "errorCount" : 0,
    "errorPct" : 0.0,
    "meanResTime" : 7281.318199999999,
    "medianResTime" : 6438.5,
    "minResTime" : 10.0,
    "maxResTime" : 25978.0,
    "pct1ResTime" : 14585.9,
    "pct2ResTime" : 16340.949999999999,
    "pct3ResTime" : 20411.93,
    "throughput" : 162.12886001794226,
    "receivedKBytesPerSec" : 79.95612725494222,
    "sentKBytesPerSec" : 40.875978852992354
  },
  "21 Get Wallet Transactions Request" : {
    "transaction" : "21 Get Wallet Transactions Request",
    "sampleCount" : 15000,
    "errorCount" : 2692,
    "errorPct" : 17.946667,
    "meanResTime" : 13685.293599999959,
    "medianResTime" : 8711.5,
    "minResTime" : 2.0,
    "maxResTime" : 78358.0,
    "pct1ResTime" : 30360.699999999997,
    "pct2ResTime" : 35576.799999999974,
    "pct3ResTime" : 61955.81,
    "throughput" : 74.00609810248363,
    "receivedKBytesPerSec" : 30.983308232931726,
    "sentKBytesPerSec" : 29.992705773955773
  }
}