{
  "23 Get Stock Portfolio Request" : {
    "transaction" : "23 Get Stock Portfolio Request",
    "sampleCount" : 1000,
    "errorCount" : 0,
    "errorPct" : 0.0,
    "meanResTime" : 6.785000000000005,
    "medianResTime" : 5.0,
    "minResTime" : 3.0,
    "maxResTime" : 74.0,
    "pct1ResTime" : 11.0,
    "pct2ResTime" : 15.0,
    "pct3ResTime" : 32.0,
    "throughput" : 22.311965907316093,
    "receivedKBytesPerSec" : 8.410565273656262,
    "sentKBytesPerSec" : 9.020658091434436
  },
  "16 Get Stock Prices Request" : {
    "transaction" : "16 Get Stock Prices Request",
    "sampleCount" : 1000,
    "errorCount" : 0,
    "errorPct" : 0.0,
    "meanResTime" : 6.473999999999998,
    "medianResTime" : 5.0,
    "minResTime" : 3.0,
    "maxResTime" : 63.0,
    "pct1ResTime" : 10.0,
    "pct2ResTime" : 12.0,
    "pct3ResTime" : 35.960000000000036,
    "throughput" : 22.310970304098525,
    "receivedKBytesPerSec" : 10.436479273108588,
    "sentKBytesPerSec" : 8.954891401352045
  },
  "14 Register Request" : {
    "transaction" : "14 Register Request",
    "sampleCount" : 1000,
    "errorCount" : 0,
    "errorPct" : 0.0,
    "meanResTime" : 7.033999999999998,
    "medianResTime" : 5.0,
    "minResTime" : 3.0,
    "maxResTime" : 76.0,
    "pct1ResTime" : 10.0,
    "pct2ResTime" : 16.0,
    "pct3ResTime" : 40.97000000000003,
    "throughput" : 22.295052727799703,
    "receivedKBytesPerSec" : 6.248711067264174,
    "sentKBytesPerSec" : 6.120862874278197
  },
  "19 Place Stock Order Request" : {
    "transaction" : "19 Place Stock Order Request",
    "sampleCount" : 1000,
    "errorCount" : 0,
    "errorPct" : 0.0,
    "meanResTime" : 7.358999999999998,
    "medianResTime" : 6.0,
    "minResTime" : 3.0,
    "maxResTime" : 97.0,
    "pct1ResTime" : 11.0,
    "pct2ResTime" : 16.0,
    "pct3ResTime" : 42.0,
    "throughput" : 22.312961599393088,
    "receivedKBytesPerSec" : 18.56508133074503,
    "sentKBytesPerSec" : 11.9191308543633
  },
  "Total" : {
    "transaction" : "Total",
    "sampleCount" : 10000,
    "errorCount" : 0,
    "errorPct" : 0.0,
    "meanResTime" : 6.5175,
    "medianResTime" : 5.0,
    "minResTime" : 2.0,
    "maxResTime" : 97.0,
    "pct1ResTime" : 10.0,
    "pct2ResTime" : 16.0,
    "pct3ResTime" : 31.0,
    "throughput" : 185.29842311041932,
    "receivedKBytesPerSec" : 86.85863583300906,
    "sentKBytesPerSec" : 72.84146156447459
  },
  "20 Get Stock Transactions Request" : {
    "transaction" : "20 Get Stock Transactions Request",
    "sampleCount" : 1000,
    "errorCount" : 0,
    "errorPct" : 0.0,
    "meanResTime" : 8.754999999999994,
    "medianResTime" : 6.0,
    "minResTime" : 3.0,
    "maxResTime" : 61.0,
    "pct1ResTime" : 19.0,
    "pct2ResTime" : 20.0,
    "pct3ResTime" : 29.0,
    "throughput" : 22.305993620485825,
    "receivedKBytesPerSec" : 19.27812925208003,
    "sentKBytesPerSec" : 9.083593105217371
  },
  "17 Add Money Request" : {
    "transaction" : "17 Add Money Request",
    "sampleCount" : 1000,
    "errorCount" : 0,
    "errorPct" : 0.0,
    "meanResTime" : 5.914000000000001,
    "medianResTime" : 5.0,
    "minResTime" : 3.0,
    "maxResTime" : 51.0,
    "pct1ResTime" : 9.0,
    "pct2ResTime" : 12.0,
    "pct3ResTime" : 25.99000000000001,
    "throughput" : 22.312961599393088,
    "receivedKBytesPerSec" : 6.40626045920075,
    "sentKBytesPerSec" : 9.805500702858291
  },
  "18 Get Wallet Balance Request" : {
    "transaction" : "18 Get Wallet Balance Request",
    "sampleCount" : 1000,
    "errorCount" : 0,
    "errorPct" : 0.0,
    "meanResTime" : 5.5039999999999925,
    "medianResTime" : 4.0,
    "minResTime" : 2.0,
    "maxResTime" : 62.0,
    "pct1ResTime" : 9.0,
    "pct2ResTime" : 11.0,
    "pct3ResTime" : 27.99000000000001,
    "throughput" : 22.313459478757586,
    "receivedKBytesPerSec" : 6.733260721617279,
    "sentKBytesPerSec" : 8.999471449928597
  },
  "22 Get Wallet Balance Request" : {
    "transaction" : "22 Get Wallet Balance Request",
    "sampleCount" : 1000,
    "errorCount" : 0,
    "errorPct" : 0.0,
    "meanResTime" : 5.508000000000002,
    "medianResTime" : 4.0,
    "minResTime" : 2.0,
    "maxResTime" : 75.0,
    "pct1ResTime" : 8.0,
    "pct2ResTime" : 12.0,
    "pct3ResTime" : 28.0,
    "throughput" : 22.311468094600624,
    "receivedKBytesPerSec" : 6.7108712628290945,
    "sentKBytesPerSec" : 8.998668284248103
  },
  "15 Login Request" : {
    "transaction" : "15 Login Request",
    "sampleCount" : 1000,
    "errorCount" : 0,
    "errorPct" : 0.0,
    "meanResTime" : 6.121999999999995,
    "medianResTime" : 5.0,
    "minResTime" : 3.0,
    "maxResTime" : 69.0,
    "pct1ResTime" : 10.0,
    "pct2ResTime" : 14.0,
    "pct3ResTime" : 26.99000000000001,
    "throughput" : 22.313957380341403,
    "receivedKBytesPerSec" : 11.527425248242777,
    "sentKBytesPerSec" : 5.6929355405556175
  },
  "21 Get Wallet Transactions Request" : {
    "transaction" : "21 Get Wallet Transactions Request",
    "sampleCount" : 1000,
    "errorCount" : 0,
    "errorPct" : 0.0,
    "meanResTime" : 5.719999999999993,
    "medianResTime" : 4.0,
    "minResTime" : 2.0,
    "maxResTime" : 58.0,
    "pct1ResTime" : 8.0,
    "pct2ResTime" : 12.0,
    "pct3ResTime" : 31.0,
    "throughput" : 22.306988779584643,
    "receivedKBytesPerSec" : 10.260343471859734,
    "sentKBytesPerSec" : 9.105782529166389
  }
}