{
  "23 Get Stock Portfolio Request" : {
    "transaction" : "23 Get Stock Portfolio Request",
    "sampleCount" : 10000,
    "errorCount" : 1125,
    "errorPct" : 11.25,
    "meanResTime" : 6073.070300000003,
    "medianResTime" : 5523.0,
    "minResTime" : 2.0,
    "maxResTime" : 55488.0,
    "pct1ResTime" : 11589.599999999999,
    "pct2ResTime" : 14616.699999999993,
    "pct3ResTime" : 35802.56999999971,
    "throughput" : 74.60069975456369,
    "receivedKBytesPerSec" : 25.819717442855865,
    "sentKBytesPerSec" : 29.94227304602117
  },
  "16 Get Stock Prices Request" : {
    "transaction" : "16 Get Stock Prices Request",
    "sampleCount" : 10000,
    "errorCount" : 251,
    "errorPct" : 2.51,
    "meanResTime" : 11981.562399999995,
    "medianResTime" : 10419.5,
    "minResTime" : 8.0,
    "maxResTime" : 54392.0,
    "pct1ResTime" : 18929.0,
    "pct2ResTime" : 37351.29999999983,
    "pct3ResTime" : 51167.81999999999,
    "throughput" : 93.10206779692577,
    "receivedKBytesPerSec" : 40.77525073550633,
    "sentKBytesPerSec" : 37.09535513783761
  },
  "14 Register Request" : {
    "transaction" : "14 Register Request",
    "sampleCount" : 10000,
    "errorCount" : 0,
    "errorPct" : 0.0,
    "meanResTime" : 4551.043599999999,
    "medianResTime" : 4163.0,
    "minResTime" : 4.0,
    "maxResTime" : 17079.0,
    "pct1ResTime" : 9086.699999999999,
    "pct2ResTime" : 10489.949999999999,
    "pct3ResTime" : 12824.99,
    "throughput" : 174.8618591312863,
    "receivedKBytesPerSec" : 44.91080952297685,
    "sentKBytesPerSec" : 47.4780343450549
  },
  "19 Place Stock Order Request" : {
    "transaction" : "19 Place Stock Order Request",
    "sampleCount" : 10000,
    "errorCount" : 0,
    "errorPct" : 0.0,
    "meanResTime" : 1851.1120000000028,
    "medianResTime" : 1244.0,
    "minResTime" : 3.0,
    "maxResTime" : 11823.0,
    "pct1ResTime" : 4449.9,
    "pct2ResTime" : 5837.849999999997,
    "pct3ResTime" : 7640.879999999997,
    "throughput" : 72.65593780651723,
    "receivedKBytesPerSec" : 58.74913721073855,
    "sentKBytesPerSec" : 38.59846695971228
  },
  "Total" : {
    "transaction" : "Total",
    "sampleCount" : 100000,
    "errorCount" : 7639,
    "errorPct" : 7.639,
    "meanResTime" : 7455.599509999996,
    "medianResTime" : 5026.0,
    "minResTime" : 2.0,
    "maxResTime" : 55640.0,
    "pct1ResTime" : 11900.0,
    "pct2ResTime" : 20052.100000000057,
    "pct3ResTime" : 40569.00000000016,
    "throughput" : 678.2880010852608,
    "receivedKBytesPerSec" : 291.4528823000746,
    "sentKBytesPerSec" : 264.63998539561146
  },
  "20 Get Stock Transactions Request" : {
    "transaction" : "20 Get Stock Transactions Request",
    "sampleCount" : 10000,
    "errorCount" : 2196,
    "errorPct" : 21.96,
    "meanResTime" : 9511.578500000012,
    "medianResTime" : 8391.0,
    "minResTime" : 3.0,
    "maxResTime" : 55640.0,
    "pct1ResTime" : 14635.0,
    "pct2ResTime" : 19172.649999999994,
    "pct3ResTime" : 40595.92,
    "throughput" : 72.70982236990395,
    "receivedKBytesPerSec" : 52.53739102615373,
    "sentKBytesPerSec" : 29.396353965957264
  },
  "17 Add Money Request" : {
    "transaction" : "17 Add Money Request",
    "sampleCount" : 10000,
    "errorCount" : 230,
    "errorPct" : 2.3,
    "meanResTime" : 10635.920699999975,
    "medianResTime" : 8689.0,
    "minResTime" : 26.0,
    "maxResTime" : 55186.0,
    "pct1ResTime" : 17864.5,
    "pct2ResTime" : 28545.649999999972,
    "pct3ResTime" : 50644.95,
    "throughput" : 72.89373551237007,
    "receivedKBytesPerSec" : 19.12225492442742,
    "sentKBytesPerSec" : 31.819823998075602
  },
  "18 Get Wallet Balance Request" : {
    "transaction" : "18 Get Wallet Balance Request",
    "sampleCount" : 10000,
    "errorCount" : 259,
    "errorPct" : 2.59,
    "meanResTime" : 9868.653599999956,
    "medianResTime" : 8412.0,
    "minResTime" : 4.0,
    "maxResTime" : 54392.0,
    "pct1ResTime" : 16104.499999999995,
    "pct2ResTime" : 21515.849999999977,
    "pct3ResTime" : 46854.73999999999,
    "throughput" : 72.50737762567341,
    "receivedKBytesPerSec" : 20.119352808210735,
    "sentKBytesPerSec" : 29.031274244654394
  },
  "22 Get Wallet Balance Request" : {
    "transaction" : "22 Get Wallet Balance Request",
    "sampleCount" : 10000,
    "errorCount" : 1326,
    "errorPct" : 13.26,
    "meanResTime" : 7451.308400000005,
    "medianResTime" : 6748.5,
    "minResTime" : 2.0,
    "maxResTime" : 54668.0,
    "pct1ResTime" : 13139.8,
    "pct2ResTime" : 16536.799999999996,
    "pct3ResTime" : 36464.99999999998,
    "throughput" : 74.0280121998164,
    "receivedKBytesPerSec" : 20.511701862359715,
    "sentKBytesPerSec" : 29.640122072192117
  },
  "15 Login Request" : {
    "transaction" : "15 Login Request",
    "sampleCount" : 10000,
    "errorCount" : 0,
    "errorPct" : 0.0,
    "meanResTime" : 3817.146900000001,
    "medianResTime" : 3388.5,
    "minResTime" : 6.0,
    "maxResTime" : 15029.0,
    "pct1ResTime" : 7849.499999999998,
    "pct2ResTime" : 9013.799999999996,
    "pct3ResTime" : 10983.939999999999,
    "throughput" : 174.8037827538588,
    "receivedKBytesPerSec" : 86.20694364326044,
    "sentKBytesPerSec" : 44.07506675319454
  },
  "21 Get Wallet Transactions Request" : {
    "transaction" : "21 Get Wallet Transactions Request",
    "sampleCount" : 10000,
    "errorCount" : 2252,
    "errorPct" : 22.52,
    "meanResTime" : 8814.598700000013,
    "medianResTime" : 7780.0,
    "minResTime" : 2.0,
    "maxResTime" : 54760.0,
    "pct1ResTime" : 14491.199999999997,
    "pct2ResTime" : 18701.399999999987,
    "pct3ResTime" : 39434.63999999999,
    "throughput" : 73.11063832898324,
    "receivedKBytesPerSec" : 30.324407895217835,
    "sentKBytesPerSec" : 29.6297997134063
  }
}