{
  "23 Get Stock Portfolio Request" : {
    "transaction" : "23 Get Stock Portfolio Request",
    "sampleCount" : 10000,
    "errorCount" : 722,
    "errorPct" : 7.22,
    "meanResTime" : 4494.864600000018,
    "medianResTime" : 3510.5,
    "minResTime" : 2.0,
    "maxResTime" : 66967.0,
    "pct1ResTime" : 8677.399999999998,
    "pct2ResTime" : 11974.899999999998,
    "pct3ResTime" : 27823.03999999998,
    "throughput" : 81.67265599477295,
    "receivedKBytesPerSec" : 30.412456483787977,
    "sentKBytesPerSec" : 32.30217351355766
  },
  "16 Get Stock Prices Request" : {
    "transaction" : "16 Get Stock Prices Request",
    "sampleCount" : 10000,
    "errorCount" : 0,
    "errorPct" : 0.0,
    "meanResTime" : 11568.098200000033,
    "medianResTime" : 8756.0,
    "minResTime" : 10.0,
    "maxResTime" : 75979.0,
    "pct1ResTime" : 18169.9,
    "pct2ResTime" : 42510.94999999995,
    "pct3ResTime" : 64231.649999999994,
    "throughput" : 79.84733190140452,
    "receivedKBytesPerSec" : 37.3504609187234,
    "sentKBytesPerSec" : 31.34631584410607
  },
  "14 Register Request" : {
    "transaction" : "14 Register Request",
    "sampleCount" : 10000,
    "errorCount" : 0,
    "errorPct" : 0.0,
    "meanResTime" : 2019.7653999999873,
    "medianResTime" : 1398.5,
    "minResTime" : 4.0,
    "maxResTime" : 9602.0,
    "pct1ResTime" : 5144.5999999999985,
    "pct2ResTime" : 6071.0,
    "pct3ResTime" : 7735.229999999983,
    "throughput" : 183.99264029438822,
    "receivedKBytesPerSec" : 51.568249770009196,
    "sentKBytesPerSec" : 48.27992036568537
  },
  "19 Place Stock Order Request" : {
    "transaction" : "19 Place Stock Order Request",
    "sampleCount" : 10000,
    "errorCount" : 0,
    "errorPct" : 0.0,
    "meanResTime" : 874.6211000000005,
    "medianResTime" : 546.0,
    "minResTime" : 3.0,
    "maxResTime" : 7784.0,
    "pct1ResTime" : 2089.0,
    "pct2ResTime" : 3037.899999999998,
    "pct3ResTime" : 4674.0,
    "throughput" : 79.96353662729796,
    "receivedKBytesPerSec" : 66.06362498700592,
    "sentKBytesPerSec" : 42.012092485826464
  },
  "Total" : {
    "transaction" : "Total",
    "sampleCount" : 100000,
    "errorCount" : 6328,
    "errorPct" : 6.328,
    "meanResTime" : 5902.805269999975,
    "medianResTime" : 2286.5,
    "minResTime" : 1.0,
    "maxResTime" : 77671.0,
    "pct1ResTime" : 14694.90000000003,
    "pct2ResTime" : 59256.8,
    "pct3ResTime" : 64116.98,
    "throughput" : 742.6606560664236,
    "receivedKBytesPerSec" : 335.92918858289204,
    "sentKBytesPerSec" : 284.42300314795284
  },
  "20 Get Stock Transactions Request" : {
    "transaction" : "20 Get Stock Transactions Request",
    "sampleCount" : 10000,
    "errorCount" : 2309,
    "errorPct" : 23.09,
    "meanResTime" : 6991.593699999976,
    "medianResTime" : 5748.0,
    "minResTime" : 3.0,
    "maxResTime" : 77671.0,
    "pct1ResTime" : 12273.8,
    "pct2ResTime" : 16649.49999999999,
    "pct3ResTime" : 43457.979999999894,
    "throughput" : 80.08328661808281,
    "receivedKBytesPerSec" : 58.9560173830784,
    "sentKBytesPerSec" : 31.908184511892365
  },
  "17 Add Money Request" : {
    "transaction" : "17 Add Money Request",
    "sampleCount" : 10000,
    "errorCount" : 8,
    "errorPct" : 0.08,
    "meanResTime" : 10189.800199999998,
    "medianResTime" : 7200.0,
    "minResTime" : 4.0,
    "maxResTime" : 75844.0,
    "pct1ResTime" : 16877.9,
    "pct2ResTime" : 34766.95,
    "pct3ResTime" : 63103.93,
    "throughput" : 79.86327407478397,
    "receivedKBytesPerSec" : 22.93167846646541,
    "sentKBytesPerSec" : 34.394242057597396
  },
  "18 Get Wallet Balance Request" : {
    "transaction" : "18 Get Wallet Balance Request",
    "sampleCount" : 10000,
    "errorCount" : 2,
    "errorPct" : 0.02,
    "meanResTime" : 8825.618500000022,
    "medianResTime" : 6364.5,
    "minResTime" : 2.0,
    "maxResTime" : 73536.0,
    "pct1ResTime" : 14999.9,
    "pct2ResTime" : 23966.999999999956,
    "pct3ResTime" : 61243.869999999995,
    "throughput" : 79.94244144216164,
    "receivedKBytesPerSec" : 24.123193800463664,
    "sentKBytesPerSec" : 31.539791350227834
  },
  "22 Get Wallet Balance Request" : {
    "transaction" : "22 Get Wallet Balance Request",
    "sampleCount" : 10000,
    "errorCount" : 978,
    "errorPct" : 9.78,
    "meanResTime" : 5410.349399999975,
    "medianResTime" : 4393.0,
    "minResTime" : 1.0,
    "maxResTime" : 74441.0,
    "pct1ResTime" : 10170.399999999994,
    "pct2ResTime" : 13583.399999999987,
    "pct3ResTime" : 36197.899999999994,
    "throughput" : 81.34975513723704,
    "receivedKBytesPerSec" : 24.476218797284545,
    "sentKBytesPerSec" : 32.09502058148805
  },
  "15 Login Request" : {
    "transaction" : "15 Login Request",
    "sampleCount" : 10000,
    "errorCount" : 0,
    "errorPct" : 0.0,
    "meanResTime" : 2535.714999999989,
    "medianResTime" : 2213.0,
    "minResTime" : 5.0,
    "maxResTime" : 10419.0,
    "pct1ResTime" : 5480.0,
    "pct2ResTime" : 6330.899999999998,
    "pct3ResTime" : 7765.909999999998,
    "throughput" : 183.3483067783869,
    "receivedKBytesPerSec" : 93.46466419757614,
    "sentKBytesPerSec" : 43.33036156286097
  },
  "21 Get Wallet Transactions Request" : {
    "transaction" : "21 Get Wallet Transactions Request",
    "sampleCount" : 10000,
    "errorCount" : 2309,
    "errorPct" : 23.09,
    "meanResTime" : 6117.626599999981,
    "medianResTime" : 5098.5,
    "minResTime" : 1.0,
    "maxResTime" : 73479.0,
    "pct1ResTime" : 11030.999999999993,
    "pct2ResTime" : 14614.399999999987,
    "pct3ResTime" : 38936.729999999974,
    "throughput" : 80.59511432416967,
    "receivedKBytesPerSec" : 35.54338989095481,
    "sentKBytesPerSec" : 32.19082202986855
  }
}